denominacion,nif,objeto_social_principal_id,objeto_social_principal_nombre,ambito_id,ambito_nombre,clase_responsabilidad,duracion,numero_socios,situacion,direccion,direccion_codigo_postal,direccion_municipio_id,direccion_municipio_nombre,direccion_provincia_id,direccion_provincia_nombre
Acevedo Reid,V38488847,11,Producción Agrícola,REGIONS,Comunidades autónomas,Limitada,Limitada,3,Activa,"C/Princesa Guacimara 60, Bajo",38008,38038,Santa Cruz de Tenerife,ES702,Santa Cruz de Tenerife
Acrar-Tejina,F38245486,11,Producción Agrícola,REGIONS,Comunidades autónomas,Limitada,Limitada,3,Cancelada,"C/Felipe Del Castillo,5-Tejina",38260,38023,San Cristóbal de La Laguna,ES702,Santa Cruz de Tenerife
Acueducto Minaderos-Valle,F38261467,14,"Actividades de servicios relacionados con la agricultura y ganadería, excepto actividades veterinarias; mantenimiento de jardines",REGIONS,Comunidades autónomas,Limitada,Limitada,143,Cancelada,C/ Carrilla Nº45,38760,38024,Los Llanos de Aridane,ES702,Santa Cruz de Tenerife
Adelfa,_U,11,Producción Agrícola,REGIONS,Comunidades autónomas,Limitada,Limitada,3,Activa,Los Llanos Nº1,35470,35020,La Aldea de San Nicolás,ES701,Las Palmas
Afraja,F35291368,11,Producción Agrícola,REGIONS,Comunidades autónomas,Limitada,Limitada,3,Cancelada,"C/Shakespeare,93",35200,35026,Telde,ES701,Las Palmas
Agaldar,_U,_O,Otro,REGIONS,Comunidades autónomas,Limitada,Limitada,17,Activa,"C/Las Quintanas Trafalgar,19",35460,35009,Gáldar,ES701,Las Palmas
Agresa,F38364675,_O,Otro,REGIONS,Comunidades autónomas,Limitada,Limitada,20,Activa,"Urb.Cercado de Mesa.C/Sorondongo,8",38205,38023,San Cristóbal de La Laguna,ES702,Santa Cruz de Tenerife
Agrícola del Pino González,V35931922,14,"Actividades de servicios relacionados con la agricultura y ganadería, excepto actividades veterinarias; mantenimiento de jardines",REGIONS,Comunidades autónomas,Limitada,Limitada,3,Activa,"Calle Carmita Afonso, Numero 14",35470,35020,La Aldea de San Nicolás,ES701,Las Palmas
Agricola Eden,F38369047,11,Producción Agrícola,REGIONS,Comunidades autónomas,Limitada,Limitada,48,Activa,"C/ Faria, Nº 9",38760,38024,Los Llanos de Aridane,ES702,Santa Cruz de Tenerife
Agrícola El Rincón,F38675427,11,Producción Agrícola,REGIONS,Comunidades autónomas,Limitada,Limitada,92,Activa,"El Granel, Nº 1",38715,38030,Puntallana,ES702,Santa Cruz de Tenerife
Agricola Fruten,V38435400,11,Producción Agrícola,REGIONS,Comunidades autónomas,Limitada,Limitada,3,Activa,"Camino de Las Cañadas,Nº7",38500,38020,Güímar,ES702,Santa Cruz de Tenerife
Agricola Icod Daute,F38796272,11,Producción Agrícola,REGIONS,Comunidades autónomas,Limitada,Limitada,3,Activa,C/Rogelio Nicolas Afonso Hernandez,38430,38022,Icod de Los Vinos,ES702,Santa Cruz de Tenerife
Agrícola La Laguna,F38368981,11,Producción Agrícola,REGIONS,Comunidades autónomas,Limitada,Limitada,275,Activa,"Camino de La Cruz Chica,S/N",38760,38024,Los Llanos de Aridane,ES702,Santa Cruz de Tenerife
Agrícola Ortiz,_U,11,Producción Agrícola,REGIONS,Comunidades autónomas,Limitada,Limitada,3,Activa,"C/ Tanausu, 2",38760,38024,Los Llanos de Aridane,ES702,Santa Cruz de Tenerife
Agricolas Medina Monzon,F35445451,11,Producción Agrícola,REGIONS,Comunidades autónomas,Limitada,Limitada,3,Activa,"C/Felipe Ii,Nº5-Vecindario",35110,35022,Santa Lucía de Tirajana,ES701,Las Palmas
Agricultores de Acipmaga,G38870648,14,"Actividades de servicios relacionados con la agricultura y ganadería, excepto actividades veterinarias; mantenimiento de jardines",REGIONS,Comunidades autónomas,Limitada,Limitada,45,Activa,"Mercatenerife,Urb. El Mayorazgo, Ed. Advo. Loc 1-2",38108,38038,Santa Cruz de Tenerife,ES702,Santa Cruz de Tenerife
Agricultores de El Palmar,F38630109,11,Producción Agrícola,REGIONS,Comunidades autónomas,Limitada,Limitada,69,Activa,El Palmar,38480,38010,Buenavista del Norte,ES702,Santa Cruz de Tenerife
Agricultores de Fuerteventura,F76026079,11,Producción Agrícola,REGIONS,Comunidades autónomas,Limitada,Limitada,14,Activa,"Llanos de La Higuera, Km. 5.9,",35628,35030,Tuineje,ES701,Las Palmas
Agricultores de Tenerife,F38699633,11,Producción Agrícola,REGIONS,Comunidades autónomas,Limitada,Limitada,12,Activa,"Avda. Francisco La Roche, 31, Edf. El Ancla",38002,38038,Santa Cruz de Tenerife,ES702,Santa Cruz de Tenerife
Agricultores del Centro de Gran Canaria,F35710292,11,Producción Agrícola,REGIONS,Comunidades autónomas,Limitada,Limitada,52,Activa,"C/ Cruz Del Ovejero, Nº 89. Tamaraceite",35018,35016,Las Palmas de Gran Canaria,ES701,Las Palmas
Agricultores Ecológicos de Canarias,F38575460,11,Producción Agrícola,REGIONS,Comunidades autónomas,Limitada,Limitada,3,Cancelada,"Camino Viejo, S/N.",38470,38042,Los Silos,ES702,Santa Cruz de Tenerife
Agricultores La Catalda,F38754370,14,"Actividades de servicios relacionados con la agricultura y ganadería, excepto actividades veterinarias; mantenimiento de jardines",REGIONS,Comunidades autónomas,Limitada,Limitada,6,Activa,"Calle Los Quemados, Nº 5.",38740,38014,Fuencaliente de La Palma,ES702,Santa Cruz de Tenerife
"Agricultores, Viticulltores y Ganaderos de Acentejo Avigacen",F38866265,14,"Actividades de servicios relacionados con la agricultura y ganadería, excepto actividades veterinarias; mantenimiento de jardines",REGIONS,Comunidades autónomas,Limitada,Limitada,37,Activa,"Ayuntamiento de La Victoria, Of. Del Agricultor",38380,38051,La Victoria de Acentejo,ES702,Santa Cruz de Tenerife
Agricultura 7 Islas,_U,11,Producción Agrícola,REGIONS,Comunidades autónomas,Limitada,Ilimitada,3,Activa,C/La Granja s/n. Montaña Cardones. Arucas,35415,35006,Arucas,ES701,Las Palmas
Agro Ganadera Canaria,F38447660,12,Producción Ganadera,REGIONS,Comunidades autónomas,Limitada,Limitada,6,Cancelada,"Rambla Del General Franco,104-1ºIzda",38004,38038,Santa Cruz de Tenerife,ES702,Santa Cruz de Tenerife
Agrobañaderos,F35951540,14,"Actividades de servicios relacionados con la agricultura y ganadería, excepto actividades veterinarias; mantenimiento de jardines",REGIONS,Comunidades autónomas,Limitada,Limitada,7,Cancelada,"Camino de La Bateria, Nº 23, Bañaderos",35414,35006,Arucas,ES701,Las Palmas
Agrocan,F35362672,11,Producción Agrícola,REGIONS,Comunidades autónomas,Limitada,Limitada,3,Cancelada,"C/Hipocrates, Nº5",35280,35022,Santa Lucía de Tirajana,ES701,Las Palmas
Agrocanarias,V35366640,11,Producción Agrícola,REGIONS,Comunidades autónomas,Ilimitada,Limitada,3,Activa,"Ctra. El Fondillo, 44",35017,35016,Las Palmas de Gran Canaria,ES701,Las Palmas
Agroecológica Y Bioganadera de Lanzarote,V76250877,_O,Otro,REGIONS,Comunidades autónomas,Limitada,Ilimitada,4,Activa,C/San Isidro Labrador Nº 2- Los Valles,35539,35024,Teguise,ES701,Las Palmas
Agroexport,F35066729,11,Producción Agrícola,REGIONS,Comunidades autónomas,Limitada,Limitada,3,Activa,"C/La Punta Nº 5, San Nicolas de Tolentino",35010,35016,Las Palmas de Gran Canaria,ES701,Las Palmas
Agrogomera Servicios,F38783502,14,"Actividades de servicios relacionados con la agricultura y ganadería, excepto actividades veterinarias; mantenimiento de jardines",REGIONS,Comunidades autónomas,Limitada,Limitada,39,Cancelada,"Carretera General Hermigua, Nº 153",38820,38021,Hermigua,ES702,Santa Cruz de Tenerife
Agromirca,F38211447,_O,Otro,REGIONS,Comunidades autónomas,Limitada,Limitada,3,Cancelada,"C/Lomo Espanta,33 -Mirca",38700,38037,Santa Cruz de La Palma,ES702,Santa Cruz de Tenerife
Agropecuaria de Fuerteventura,B76157593,14,"Actividades de servicios relacionados con la agricultura y ganadería, excepto actividades veterinarias; mantenimiento de jardines",REGIONS,Comunidades autónomas,Limitada,Limitada,12,Activa,Casillas Del Angel (Aptdo. Correos 97),35600,35017,Puerto del Rosario,ES701,Las Palmas
Agropecuaria La Antigua,V76367952,_O,Otro,REGIONS,Comunidades autónomas,Limitada,Ilimitada,19,Activa,Calle Real Nº5,35630,35003,Antigua,ES701,Las Palmas
Agropecuarias Prieto,F38521217,_O,Otro,REGIONS,Comunidades autónomas,Limitada,Limitada,4,Activa,"C/ Cataluña, Nº6, Tejina de Guia",38685,38019,Guía de Isora,ES702,Santa Cruz de Tenerife
Agrosalinas,V76825827,_O,Otro,REGIONS,Comunidades autónomas,Limitada,Ilimitada,6,Activa,Avda. San Sebastián Nº 85,38005,38038,Santa Cruz de Tenerife,ES702,Santa Cruz de Tenerife
Agrosat,F35057553,11,Producción Agrícola,REGIONS,Comunidades autónomas,Limitada,Ilimitada,7,Activa,"Ventura Ramirez,13 Sardina Del Sur",35280,35022,Santa Lucía de Tirajana,ES701,Las Palmas
Agrosur,F35112978,11,Producción Agrícola,REGIONS,Comunidades autónomas,Limitada,Limitada,4,Cancelada,"Poligono Industrial de Arinaga Fase Ii,C/ Vinca,27",35118,35002,Agüimes,ES701,Las Palmas
Agroteide,V76679877,_O,Otro,REGIONS,Comunidades autónomas,Limitada,Limitada,22,Activa,Carretera General Los Realejos-Cañada Km 1 77,38410,38031,Los Realejos,ES702,Santa Cruz de Tenerife
Agrotilde,G38983037,11,Producción Agrícola,REGIONS,Comunidades autónomas,Limitada,Limitada,7,Activa,"Calle Juan de Vera, 29",38201,38023,San Cristóbal de La Laguna,ES702,Santa Cruz de Tenerife
Agruesat,F35090901,11,Producción Agrícola,REGIONS,Comunidades autónomas,Limitada,Limitada,7,Activa,"Ctra. C-812,Km:40,Juan Grande",35107,35019,San Bartolomé de Tirajana,ES701,Las Palmas
Agrupacion de Platanos de La Palma (antes Morriña),G38894572,11,Producción Agrícola,REGIONS,Comunidades autónomas,Limitada,Limitada,633,Activa,"Plaza de Sotomayor, Nº35",38760,38024,Los Llanos de Aridane,ES702,Santa Cruz de Tenerife
Aguadulce Producciones Agrícolas y Ganaderas,V38051629,11,Producción Agrícola,REGIONS,Comunidades autónomas,Limitada,Limitada,5,Activa,"Finca Aguadulce, Playa de San Juan",38687,38019,Guía de Isora,ES702,Santa Cruz de Tenerife
Aguanueva,F38832887,11,Producción Agrícola,REGIONS,Comunidades autónomas,Limitada,Limitada,14,Cancelada,"Calle Jesus y Maria, Nº 20",38004,38038,Santa Cruz de Tenerife,ES702,Santa Cruz de Tenerife
Albercon,F35427418,11,Producción Agrícola,REGIONS,Comunidades autónomas,Limitada,Limitada,6,Cancelada,"C/Juan Pablo I,Nº9(S.Nicolas de Tolent.)",35470,35020,La Aldea de San Nicolás,ES701,Las Palmas
Alborinco,V76077262,14,"Actividades de servicios relacionados con la agricultura y ganadería, excepto actividades veterinarias; mantenimiento de jardines",REGIONS,Comunidades autónomas,Limitada,Limitada,3,Activa,"Calle Capitan Cortes, 48, Las Huesas",35001,35026,Telde,ES701,Las Palmas
Aldea Blanca,_U,11,Producción Agrícola,REGIONS,Comunidades autónomas,Limitada,Limitada,5,Cancelada,Finca Aldea Blanca S/N,38620,38035,San Miguel de Abona,ES702,Santa Cruz de Tenerife
Aldeana de Frutas y Hortalizas,G35865567,11,Producción Agrícola,REGIONS,Comunidades autónomas,Limitada,Limitada,10,Cancelada,"Calle La Hoyilla, Nº2",35470,35019,San Bartolomé de Tirajana,ES701,Las Palmas
Almeida,V76075316,11,Producción Agrícola,REGIONS,Comunidades autónomas,Limitada,Limitada,3,Activa,"Calle Dr. Fleming, Nº 209, Primero A",35470,35020,La Aldea de San Nicolás,ES701,Las Palmas
Alvamar,f38489845,11,Producción Agrícola,REGIONS,Comunidades autónomas,Limitada,Limitada,3,Activa,"C/El Balillo,S/N-Alojera",38840,38050,Vallehermoso,ES702,Santa Cruz de Tenerife
Anbega,F35089762,11,Producción Agrícola,REGIONS,Comunidades autónomas,Limitada,Limitada,26,Baja provisional,"Jose Antonio,47",35000,35011,Ingenio,ES701,Las Palmas
Ancon,F38307021,12,Producción Ganadera,REGIONS,Comunidades autónomas,Limitada,Limitada,3,Activa,"C/ El Ancon, S/N",38500,38020,Güímar,ES702,Santa Cruz de Tenerife
Ansite,F35424548,11,Producción Agrícola,REGIONS,Comunidades autónomas,Limitada,Limitada,5,Cancelada,"C/ Benartemi, Nº33 - (Vecindario)",35110,35022,Santa Lucía de Tirajana,ES701,Las Palmas
Anzofe Montaña de Guía,F35210251,14,"Actividades de servicios relacionados con la agricultura y ganadería, excepto actividades veterinarias; mantenimiento de jardines",REGIONS,Comunidades autónomas,Limitada,Limitada,56,Baja provisional,"Anzofé,34",35450,35023,Santa María de Guía de Gran Canaria,ES701,Las Palmas
Apicultores de La Palma,F38081527,12,Producción Ganadera,REGIONS,Comunidades autónomas,Limitada,Limitada,16,Activa,"Los Callejones, S/N",38730,38053,Villa de Mazo,ES702,Santa Cruz de Tenerife
Apicultores El Corcho,F38697439,_O,Otro,REGIONS,Comunidades autónomas,Limitada,Limitada,18,Activa,"Carretera General Tijarafe, S/N",38780,38047,Tijarafe,ES702,Santa Cruz de Tenerife
Apicultores Santiago del Teide,F38282729,12,Producción Ganadera,REGIONS,Comunidades autónomas,Limitada,Limitada,44,Baja provisional,"C/ Agustin Rodriguez Guanche,47",38684,38040,Santiago del Teide,ES702,Santa Cruz de Tenerife
Apicultura Sana,F38211421,14,"Actividades de servicios relacionados con la agricultura y ganadería, excepto actividades veterinarias; mantenimiento de jardines",REGIONS,Comunidades autónomas,Limitada,Limitada,4,Activa,Las Nuevitas,38820,38021,Hermigua,ES702,Santa Cruz de Tenerife
Apiteide,_U,12,Producción Ganadera,REGIONS,Comunidades autónomas,Limitada,Limitada,3,Cancelada,"Camino de Chasna, 24",38310,38026,La Orotava,ES702,Santa Cruz de Tenerife
Aplasur,F38362059,_O,Otro,REGIONS,Comunidades autónomas,Limitada,Limitada,21,Baja provisional,"Pedro Afonso,2 Playa de San Juan",38687,38019,Guía de Isora,ES702,Santa Cruz de Tenerife
Apro,F38363719,_O,Otro,REGIONS,Comunidades autónomas,Limitada,Limitada,9,Cancelada,"C/La Marina,7-Edf.Hamilton-3P-Ofi.40",38002,38038,Santa Cruz de Tenerife,ES702,Santa Cruz de Tenerife
Aprocam,V76265784,_O,Otro,REGIONS,Comunidades autónomas,Limitada,Limitada,8,Activa,"Calle Lomo Guillén Nº 41. Edf. Comercial Planta 2, Ofic. 18",35450,35023,Santa María de Guía de Gran Canaria,ES701,Las Palmas
Aquinar,F35592831,11,Producción Agrícola,REGIONS,Comunidades autónomas,Limitada,Limitada,3,Cancelada,"C/ Diego Vega Sarmiento, Nº 62",35014,35016,Las Palmas de Gran Canaria,ES701,Las Palmas
Arese,_U,11,Producción Agrícola,REGIONS,Comunidades autónomas,Limitada,Limitada,5,Cancelada,Ctra.Santiago Al Valle de Arriba. El Patio de Don,38436,38040,Santiago del Teide,ES702,Santa Cruz de Tenerife
Aridane,F38688446,11,Producción Agrícola,REGIONS,Comunidades autónomas,Limitada,Limitada,16,Activa,"Callejon Angosto, 36",38760,38024,Los Llanos de Aridane,ES702,Santa Cruz de Tenerife
Aromaplant,F38256798,_O,Otro,REGIONS,Comunidades autónomas,Limitada,Limitada,7,Activa,"Finca Niquiamo, S/N -Villa de Mazo",38730,38037,Santa Cruz de La Palma,ES702,Santa Cruz de Tenerife
Artejevez,F35085695,11,Producción Agrícola,REGIONS,Comunidades autónomas,Limitada,Limitada,3,Cancelada,"Av. Cardones,58.",35470,35020,La Aldea de San Nicolás,ES701,Las Palmas
Asviten,G38967212,11,Producción Agrícola,REGIONS,Comunidades autónomas,Limitada,Ilimitada,21,Activa,"Calle Real, Nº54,Trasera Iglesia Cruz Santa",38413,38031,Los Realejos,ES702,Santa Cruz de Tenerife
Ataman,_U,11,Producción Agrícola,REGIONS,Comunidades autónomas,Limitada,Limitada,3,Activa,"Calle Fuerzas Armadas, Nº 90",35640,35014,La Oliva,ES701,Las Palmas
Atlantic Fruit,F35078773,11,Producción Agrícola,REGIONS,Comunidades autónomas,Limitada,Limitada,3,Activa,Ctra.Gral.Arucas-Bañaderos S/N,35414,35006,Arucas,ES701,Las Palmas
Bachuelo,V35846948,14,"Actividades de servicios relacionados con la agricultura y ganadería, excepto actividades veterinarias; mantenimiento de jardines",REGIONS,Comunidades autónomas,Ilimitada,Limitada,8,Activa,"La Explanada 2, Local 5. Almatriche Alto",35018,35016,Las Palmas de Gran Canaria,ES701,Las Palmas
Balos,F35108364,11,Producción Agrícola,REGIONS,Comunidades autónomas,Limitada,Limitada,3,Activa,C/ Murillo Nº 44. Barriada Yeoward,35110,35022,Santa Lucía de Tirajana,ES701,Las Palmas
Bananosa,F38369187,_O,Otro,REGIONS,Comunidades autónomas,Limitada,Limitada,43,Activa,Ctra.General Santa Catalina,38440,38018,La Guancha,ES702,Santa Cruz de Tenerife
BARLIA,B56414220,11,Producción Agrícola,REGIONS,Comunidades autónomas,Limitada,Ilimitada,5,Activa,"Avenida Coronel Gorrín, 30, portal B 2º izqda,",38684,38040,Santiago del Teide,ES702,Santa Cruz de Tenerife
Barrameda,F38439675,11,Producción Agrícola,REGIONS,Comunidades autónomas,Limitada,Limitada,3,Activa,"Finca Barrameda, Playa de San Juan",38687,38019,Guía de Isora,ES702,Santa Cruz de Tenerife
Barranco La Arena,V76038678,14,"Actividades de servicios relacionados con la agricultura y ganadería, excepto actividades veterinarias; mantenimiento de jardines",REGIONS,Comunidades autónomas,Limitada,Limitada,3,Activa,"C/ Gomera, Nº 23",35470,35020,La Aldea de San Nicolás,ES701,Las Palmas
Barranco Seco,F38329769,11,Producción Agrícola,REGIONS,Comunidades autónomas,Limitada,Limitada,12,Activa,"C/Nueva, 47",38670,38001,Adeje,ES702,Santa Cruz de Tenerife
Barranquillo Andres,F35694272,11,Producción Agrícola,REGIONS,Comunidades autónomas,Ilimitada,Limitada,13,Activa,"Barranquillo Andres, 34",35120,35012,Mogán,ES701,Las Palmas
Beig,F38270112,11,Producción Agrícola,REGIONS,Comunidades autónomas,Limitada,Limitada,3,Activa,"C/ Castro,49 -San Isidro",38611,38017,Granadilla de Abona,ES702,Santa Cruz de Tenerife
Benahoare Agrícola,f76500461,11,Producción Agrícola,REGIONS,Comunidades autónomas,Limitada,Limitada,3,Activa,"Calle Astron, Nº 7, Urbanizacion Las Rosas",38631,38006,Arona,ES702,Santa Cruz de Tenerife
Bentayga,F35092196,14,"Actividades de servicios relacionados con la agricultura y ganadería, excepto actividades veterinarias; mantenimiento de jardines",REGIONS,Comunidades autónomas,Limitada,Limitada,3,Cancelada,El Alberconcillo,35360,35025,Tejeda,ES701,Las Palmas
Bermudez Mesa,F38228979,11,Producción Agrícola,REGIONS,Comunidades autónomas,Limitada,Limitada,3,Cancelada,"Dr.Guigou,28",38001,38038,Santa Cruz de Tenerife,ES702,Santa Cruz de Tenerife
Bernardez,F35125517,11,Producción Agrícola,REGIONS,Comunidades autónomas,Limitada,Limitada,6,Activa,"Isla de Santo Domingo, 22 Tablero de Maspalomas",35109,35019,San Bartolomé de Tirajana,ES701,Las Palmas
Binco,_U,14,"Actividades de servicios relacionados con la agricultura y ganadería, excepto actividades veterinarias; mantenimiento de jardines",REGIONS,Comunidades autónomas,Limitada,Limitada,3,Activa,25 de Julio Nº 43-5º,38680,38019,Guía de Isora,ES702,Santa Cruz de Tenerife
Bio-Granja,F38200721,12,Producción Ganadera,REGIONS,Comunidades autónomas,Limitada,Limitada,7,Activa,Finca San Clemente -Malpais Nº 5,38390,38039,Santa Úrsula,ES702,Santa Cruz de Tenerife
Bodega Baracan,F38635181,159,Elaboración de bebidas,REGIONS,Comunidades autónomas,Limitada,Limitada,88,Activa,"Carretera El Palmar, S/N.",38440,38010,Buenavista del Norte,ES702,Santa Cruz de Tenerife
Bodega Linaje del Pago,V76789544,11,Producción Agrícola,REGIONS,Comunidades autónomas,Limitada,Ilimitada,4,Activa,C/Herrera Nº 85,38360,38041,El Sauzal,ES702,Santa Cruz de Tenerife
Bodega Tempus,V76667625,_O,Otro,REGIONS,Comunidades autónomas,Limitada,Limitada,4,Activa,Avda Del Mar Nº 63,38292,38046,Tegueste,ES702,Santa Cruz de Tenerife
Bodega Vega Spinola,V76090133,159,Elaboración de bebidas,REGIONS,Comunidades autónomas,Ilimitada,Limitada,3,Activa,"Plaza Veracruz, 6, Villa de Teguise",35550,35024,Teguise,ES701,Las Palmas
Bodegas Bilma,F38289070,159,Elaboración de bebidas,REGIONS,Comunidades autónomas,Ilimitada,Limitada,118,Activa,Bodega Comarcal de GuíA de Isora,38680,38019,Guía de Isora,ES702,Santa Cruz de Tenerife
Bodegas de Las Tirajanas,V35742584,11,Producción Agrícola,REGIONS,Comunidades autónomas,Ilimitada,Limitada,17,Activa,"Las Lagunas, S/N",35090,35019,San Bartolomé de Tirajana,ES701,Las Palmas
Bodegas de Vilaflor,G38740841,14,"Actividades de servicios relacionados con la agricultura y ganadería, excepto actividades veterinarias; mantenimiento de jardines",REGIONS,Comunidades autónomas,Limitada,Limitada,29,Activa,"Plaza Obispo Perez Cacers, 1",38613,38052,Vilaflor de Chasna,ES702,Santa Cruz de Tenerife
Bodegas El Hoyo,F38054565,159,Elaboración de bebidas,REGIONS,Comunidades autónomas,Limitada,Limitada,75,Activa,"C/ Callejones, 60",38738,38053,Villa de Mazo,ES702,Santa Cruz de Tenerife
Bodegas La Hubara,V76363803,11,Producción Agrícola,REGIONS,Comunidades autónomas,Limitada,Ilimitada,4,Activa,"Finca La Mata, Tequital",35620,35030,Tuineje,ES701,Las Palmas
Bodegas Mederos,F38496808,159,Elaboración de bebidas,REGIONS,Comunidades autónomas,Limitada,Limitada,3,Activa,"Camino Mederos, 11 - Tegueste",38280,38038,Santa Cruz de Tenerife,ES702,Santa Cruz de Tenerife
Bodegas Noroeste de La Palma,F38529491,159,Elaboración de bebidas,REGIONS,Comunidades autónomas,Limitada,Limitada,238,Activa,"Bellido Alto, C/18 de Julio, 4",38780,38047,Tijarafe,ES702,Santa Cruz de Tenerife
Bodegas Perdomo,F38582573,159,Elaboración de bebidas,REGIONS,Comunidades autónomas,Limitada,Limitada,3,Activa,"C/ La Joaquina, 12 Las Tricias",38787,38016,Garafía,ES702,Santa Cruz de Tenerife
Bodegas Vega de Yuco,V35474881,159,Elaboración de bebidas,REGIONS,Comunidades autónomas,Limitada,Limitada,3,Cancelada,Camino Del Cabezo S/N,35571,35028,Tías,ES701,Las Palmas
Bonana,F38362034,_O,Otro,REGIONS,Comunidades autónomas,Limitada,Limitada,622,Baja provisional,"C/Avergüareme,S/N -Las Norias",38700,38037,Santa Cruz de La Palma,ES702,Santa Cruz de Tenerife
Bopalma,G38902409,11,Producción Agrícola,REGIONS,Comunidades autónomas,Limitada,Limitada,3,Baja provisional,"Calle San Borondon, Nº5",38760,38045,Tazacorte,ES702,Santa Cruz de Tenerife
Botija,F35105568,11,Producción Agrícola,REGIONS,Comunidades autónomas,Limitada,Limitada,8,Activa,"C/29 de Abril, Nº56 -2ºA",35460,35009,Gáldar,ES701,Las Palmas
Cacuma,F35095397,12,Producción Ganadera,REGIONS,Comunidades autónomas,Limitada,Limitada,4,Activa,"Perez Galdos,11 -Gran Tarajal",35620,35030,Tuineje,ES701,Las Palmas
Calali,F38369377,_O,Otro,REGIONS,Comunidades autónomas,Limitada,Limitada,43,Activa,"C/Tigaiga,19-Edf.Florencia Apto 201",38400,38028,Puerto de La Cruz,ES702,Santa Cruz de Tenerife
Calapalma,G38867677,11,Producción Agrícola,REGIONS,Comunidades autónomas,Ilimitada,Limitada,10,Cancelada,"Calle El Topo, 14, Bajo, San Andres y Sauces",38720,38033,San Andrés Y Sauces,ES702,Santa Cruz de Tenerife
Camaretas,F35341619,11,Producción Agrícola,REGIONS,Comunidades autónomas,Limitada,Limitada,3,Activa,"Camaretas,38",35320,35033,Vega de San Mateo,ES701,Las Palmas
Camino de Corvo,F35496132,11,Producción Agrícola,REGIONS,Comunidades autónomas,Limitada,Limitada,3,Cancelada,"Camino de Corvo, 65",35420,35013,Moya,ES701,Las Palmas
Campos de Vargas,G35876648,11,Producción Agrícola,REGIONS,Comunidades autónomas,Limitada,Limitada,3,Cancelada,"Calle Trasera Angel Guimera, S/N. Jinamar",35220,35026,Telde,ES701,Las Palmas
Canaflor,F35022045,11,Producción Agrícola,REGIONS,Comunidades autónomas,Limitada,Limitada,4,Activa,"Camino Real de Gando,Marfu Bajo",35250,35011,Ingenio,ES701,Las Palmas
Canafruit,F35078047,11,Producción Agrícola,REGIONS,Comunidades autónomas,Limitada,Limitada,4,Baja provisional,"La Jurada, Carrizal de Ingenio",35250,35011,Ingenio,ES701,Las Palmas
Canarias,_U,11,Producción Agrícola,REGIONS,Comunidades autónomas,Limitada,Limitada,7,Activa,"Punta Del Lomo,1",38620,38035,San Miguel de Abona,ES702,Santa Cruz de Tenerife
Canarisol,F38935102,14,"Actividades de servicios relacionados con la agricultura y ganadería, excepto actividades veterinarias; mantenimiento de jardines",REGIONS,Comunidades autónomas,Limitada,Limitada,15,Activa,"Poligono Ind.Valle de Guimar,Manzana V,Parcela 19",38509,38020,Güímar,ES702,Santa Cruz de Tenerife
Capi,G35872951,11,Producción Agrícola,REGIONS,Comunidades autónomas,Limitada,Limitada,6,Baja provisional,"Calle Santo Domingo, 60",35470,35020,La Aldea de San Nicolás,ES701,Las Palmas
Caprican,F35510510,12,Producción Ganadera,REGIONS,Comunidades autónomas,Limitada,Limitada,3,Activa,"Carretera de Los Llanetes, S/N., La Barrera",35328,35031,Valsequillo de Gran Canaria,ES701,Las Palmas
Capricornio Ganadera,F38507760,12,Producción Ganadera,REGIONS,Comunidades autónomas,Limitada,Limitada,4,Cancelada,"C/Enrique Wolfson,19-4ºB",38006,38038,Santa Cruz de Tenerife,ES702,Santa Cruz de Tenerife
Capriten,F38436234,12,Producción Ganadera,REGIONS,Comunidades autónomas,Limitada,Limitada,3,Activa,"Ctra. Tagoro,S/N(Zona de S.Juan)",38580,38005,Arico,ES702,Santa Cruz de Tenerife
Casa Pastores,F35307719,11,Producción Agrícola,REGIONS,Comunidades autónomas,Limitada,Limitada,3,Cancelada,"C/Fagata,Nº62-Vecindario",35110,35022,Santa Lucía de Tirajana,ES701,Las Palmas
Casalla,F35726496,11,Producción Agrícola,REGIONS,Comunidades autónomas,Limitada,Limitada,6,Activa,"C/ Paseo de Los Martires, 17 - Tamaraceite",35018,35016,Las Palmas de Gran Canaria,ES701,Las Palmas
Castro Abajo,F38019683,11,Producción Agrícola,REGIONS,Comunidades autónomas,Limitada,Limitada,4,Cancelada,"Finca Castro Abajo,Camino Castro Abajo",38600,38017,Granadilla de Abona,ES702,Santa Cruz de Tenerife
Cauco,V35093087,14,"Actividades de servicios relacionados con la agricultura y ganadería, excepto actividades veterinarias; mantenimiento de jardines",REGIONS,Comunidades autónomas,Limitada,Limitada,3,Cancelada,"Ctra. de Mogan,47-San Nicolas de Tolent.",35470,35020,La Aldea de San Nicolás,ES701,Las Palmas
Cejas,F38374625,_O,Otro,REGIONS,Comunidades autónomas,Limitada,Limitada,334,Activa,"Ctra. San Borondon, 25",38770,38045,Tazacorte,ES702,Santa Cruz de Tenerife
Celgan,F38005203,155,Industrias lácteas,REGIONS,Comunidades autónomas,Limitada,Limitada,149,Baja provisional,Finca Tio Pino- Garcia Escamez,38000,38038,Santa Cruz de Tenerife,ES702,Santa Cruz de Tenerife
Cepas de La Palma,F38522447,159,Elaboración de bebidas,REGIONS,Comunidades autónomas,Limitada,Limitada,5,Cancelada,"C/O'Daly,Nº12-1º",38700,38037,Santa Cruz de La Palma,ES702,Santa Cruz de Tenerife
Cercado de La Vega Canary Islands,_U,11,Producción Agrícola,REGIONS,Comunidades autónomas,Limitada,Limitada,3,Activa,"C/ Las Casillas, 7, Tentiguada",35217,35031,Valsequillo de Gran Canaria,ES701,Las Palmas
Cercado Viejo,F76074152,14,"Actividades de servicios relacionados con la agricultura y ganadería, excepto actividades veterinarias; mantenimiento de jardines",REGIONS,Comunidades autónomas,Limitada,Limitada,5,Activa,Termino Municipal Valsequillo,35217,35031,Valsequillo de Gran Canaria,ES701,Las Palmas
Charca del Espino,F38550323,14,"Actividades de servicios relacionados con la agricultura y ganadería, excepto actividades veterinarias; mantenimiento de jardines",REGIONS,Comunidades autónomas,Limitada,Limitada,15,Activa,"C/Felipe Castillo,24-Tejina",38298,38023,San Cristóbal de La Laguna,ES702,Santa Cruz de Tenerife
Chiñeja,_U,11,Producción Agrícola,REGIONS,Comunidades autónomas,Limitada,Limitada,3,Cancelada,"Finca Chiñeja,Ctra.S.Miguel-Las Galletas",38004,38006,Arona,ES702,Santa Cruz de Tenerife
Cienfuegos,F35498906,11,Producción Agrícola,REGIONS,Comunidades autónomas,Limitada,Limitada,16,Cancelada,"C/Gral.Vives,53-1ºPlanta 2º",35007,35016,Las Palmas de Gran Canaria,ES701,Las Palmas
CMR Teneguía (antes Plátanos Roberto),F38369005,11,Producción Agrícola,REGIONS,Comunidades autónomas,Limitada,Limitada,142,Baja provisional,"Calle Hoyas Hondas, Nº 1",38760,38024,Los Llanos de Aridane,ES702,Santa Cruz de Tenerife
Coama,F38061420,11,Producción Agrícola,REGIONS,Comunidades autónomas,Limitada,Limitada,5,Baja provisional,"Los Maguenes de Doña Elisa, Edf.1º",38680,38019,Guía de Isora,ES702,Santa Cruz de Tenerife
Coamapla,F35485200,11,Producción Agrícola,REGIONS,Comunidades autónomas,Limitada,Limitada,7,Activa,Avda.De La Atalaya,35450,35023,Santa María de Guía de Gran Canaria,ES701,Las Palmas
Coisba,V38005179,11,Producción Agrícola,REGIONS,Comunidades autónomas,Limitada,Limitada,100,Activa,C/La Constitución Nº 15,38480,38010,Buenavista del Norte,ES702,Santa Cruz de Tenerife
Compañía Platanera del Sur,G38871414,11,Producción Agrícola,REGIONS,Comunidades autónomas,Limitada,Limitada,47,Activa,"Carretera Recta El Palmar,53, Las Galletas",38640,38006,Arona,ES702,Santa Cruz de Tenerife
Consorcio Las Moradas,G38824462,155,Industrias lácteas,REGIONS,Comunidades autónomas,Limitada,Limitada,6,Baja provisional,"Calle Europa, Nº6",38710,38008,Breña Alta,ES702,Santa Cruz de Tenerife
Copeca,F35012210,11,Producción Agrícola,REGIONS,Comunidades autónomas,Limitada,Limitada,5,Activa,"Autopista de Sur Km.7,Bocabarranco",35200,35026,Telde,ES701,Las Palmas
Cordecan,V38974507,12,Producción Ganadera,REGIONS,Comunidades autónomas,Limitada,Limitada,12,Activa,"Calle Piedra Bermeja, Nº1, Apdo. Correos Nº 25",38680,38019,Guía de Isora,ES702,Santa Cruz de Tenerife
Cosecheros de La Palma (Cosepal),V76523190,11,Producción Agrícola,REGIONS,Comunidades autónomas,Limitada,Ilimitada,182,Activa,"Callejon Angosto, S/N.",38760,38024,Los Llanos de Aridane,ES702,Santa Cruz de Tenerife
Cosecheros de Papas del Norte,F35684737,11,Producción Agrícola,REGIONS,Comunidades autónomas,Limitada,Limitada,15,Activa,"C/ Andamana, 1",35460,35009,Gáldar,ES701,Las Palmas
Costa Bañaderos,F35109636,_O,Otro,REGIONS,Comunidades autónomas,Limitada,Limitada,20,Activa,Urb.Ind. Montaña Blanca Parcela 17-A,35415,35006,Arucas,ES701,Las Palmas
Costa Caleta,V35064377,_O,Otro,REGIONS,Comunidades autónomas,Limitada,Limitada,117,Activa,Carrretera A Caleta de Arriba S/N. El Agujero,35460,35009,Gáldar,ES701,Las Palmas
Covenga Agrícola,F38464517,11,Producción Agrícola,REGIONS,Comunidades autónomas,Limitada,Limitada,3,Cancelada,"Finca Toledo,S/N-San Isidro",38600,38017,Granadilla de Abona,ES702,Santa Cruz de Tenerife
Coyma,_U,_O,Otro,REGIONS,Comunidades autónomas,Limitada,Limitada,3,Activa,C/El Roque S/N-Sta.Catalina,38440,38018,La Guancha,ES702,Santa Cruz de Tenerife
Crianfer,F38424164,14,"Actividades de servicios relacionados con la agricultura y ganadería, excepto actividades veterinarias; mantenimiento de jardines",REGIONS,Comunidades autónomas,Limitada,Limitada,6,Activa,"Carretera Las Eras, Icor, Nº 1",38003,38005,Arico,ES702,Santa Cruz de Tenerife
Cruce de Arinaga,F35212646,11,Producción Agrícola,REGIONS,Comunidades autónomas,Limitada,Limitada,6,Cancelada,"C/ Ansite, 54 - Cruce de Arinaga",35260,35002,Agüimes,ES701,Las Palmas
Cruz de Jerez,_U,11,Producción Agrícola,REGIONS,Comunidades autónomas,Limitada,Limitada,3,Cancelada,"C/Lujan Perez,9",35200,35026,Telde,ES701,Las Palmas
Cruz del Camino,G38620332,11,Producción Agrícola,REGIONS,Comunidades autónomas,Limitada,Limitada,7,Activa,"C/ San Agustin, 12",38201,38023,San Cristóbal de La Laguna,ES702,Santa Cruz de Tenerife
Cultivos de Tiscamanita,F35571777,11,Producción Agrícola,REGIONS,Comunidades autónomas,Limitada,Limitada,7,Activa,"San Juan, 3 - Tiscamanita",35628,35030,Tuineje,ES701,Las Palmas
Cumbres Bolico,F38474599,11,Producción Agrícola,REGIONS,Comunidades autónomas,Limitada,Limitada,3,Activa,"C/La Cerca,S/N-Tamaimo",38684,38019,Guía de Isora,ES702,Santa Cruz de Tenerife
Cumbres de Gran Canaria,F35670348,14,"Actividades de servicios relacionados con la agricultura y ganadería, excepto actividades veterinarias; mantenimiento de jardines",REGIONS,Comunidades autónomas,Limitada,Limitada,359,Activa,"C/ Lomo de Marco,8. San Bartolome de Fontanales",35421,35013,Moya,ES701,Las Palmas
Dama Gomera,F38843561,11,Producción Agrícola,REGIONS,Comunidades autónomas,Limitada,Limitada,58,Activa,"Plaza de La Dama, La Damaº",38869,38050,Vallehermoso,ES702,Santa Cruz de Tenerife
De Los Campos Sureños Doctoral,_U,_O,Otro,REGIONS,Comunidades autónomas,Limitada,Limitada,12,Activa,"C/Guayadeque,26-",35280,35022,Santa Lucía de Tirajana,ES701,Las Palmas
Dehesa,F38367546,_O,Otro,REGIONS,Comunidades autónomas,Limitada,Limitada,7,Cancelada,"Finca Hacienda Daute(Notif:C/La Dehesa,1-Pto.Cruz)",38470,38042,Los Silos,ES702,Santa Cruz de Tenerife
Desalinizadora del Porron,F35126739,14,"Actividades de servicios relacionados con la agricultura y ganadería, excepto actividades veterinarias; mantenimiento de jardines",REGIONS,Comunidades autónomas,Limitada,Limitada,4,Activa,"C/La Cierva,Nº4 -Bañaderos",35400,35006,Arucas,ES701,Las Palmas
Desalinizadora El Cabuco,_U,14,"Actividades de servicios relacionados con la agricultura y ganadería, excepto actividades veterinarias; mantenimiento de jardines",REGIONS,Comunidades autónomas,Limitada,Limitada,5,Activa,"Finca Perez Vera,El Carril. Aptdo Correros 207",35400,35006,Arucas,ES701,Las Palmas
Desalinizadora El Carril,B35234285,14,"Actividades de servicios relacionados con la agricultura y ganadería, excepto actividades veterinarias; mantenimiento de jardines",REGIONS,Comunidades autónomas,Limitada,Limitada,6,Activa,Finca Perez de Vera -El Carril,35400,35006,Arucas,ES701,Las Palmas
Don Juan,F38016598,11,Producción Agrícola,REGIONS,Comunidades autónomas,Limitada,Limitada,4,Activa,"C/Castro,N 20 (San Isidro)",38611,38017,Granadilla de Abona,ES702,Santa Cruz de Tenerife
Don Luis,F35244482,14,"Actividades de servicios relacionados con la agricultura y ganadería, excepto actividades veterinarias; mantenimiento de jardines",REGIONS,Comunidades autónomas,Limitada,Limitada,5,Baja provisional,"Los Ribanzos,18 Tasarte",35478,35020,La Aldea de San Nicolás,ES701,Las Palmas
Doramas,_U,14,"Actividades de servicios relacionados con la agricultura y ganadería, excepto actividades veterinarias; mantenimiento de jardines",REGIONS,Comunidades autónomas,Limitada,Limitada,5,Activa,"C/Quintana y Leon, Nº 45",35460,35009,Gáldar,ES701,Las Palmas
Drago,F35058387,_O,Otro,REGIONS,Comunidades autónomas,Limitada,Limitada,8,Activa,"C/Reina Arminda, 45, Apartado 15",35460,35009,Gáldar,ES701,Las Palmas
E. Reveron & H.,G38861019,11,Producción Agrícola,REGIONS,Comunidades autónomas,Limitada,Limitada,7,Activa,"Calle General Franco, 24, Los Cristianos",38650,38006,Arona,ES702,Santa Cruz de Tenerife
Eco Frailes,_U,11,Producción Agrícola,REGIONS,Comunidades autónomas,Limitada,Limitada,3,Activa,"Finca Los Frailes,37",38711,38009,Breña Baja,ES702,Santa Cruz de Tenerife
Ecocercado,F38645768,11,Producción Agrícola,REGIONS,Comunidades autónomas,Limitada,Limitada,4,Baja provisional,"Fca.Cercado Chico, Camino Del Viso, S/N. Marzagan",38580,38005,Arico,ES702,Santa Cruz de Tenerife
Ecológica de Valleseco,V76141118,_O,Otro,REGIONS,Comunidades autónomas,Ilimitada,Limitada,3,Activa,"Alcalde Bartolomé Sarmiento S/N, Esquina C/ Párroc",35340,35032,Valleseco,ES701,Las Palmas
Ecoworm,V76744044,_O,Otro,REGIONS,Comunidades autónomas,Limitada,Ilimitada,3,Activa,"C/El Pilar Nº 16, 3º Izqda",38002,38038,Santa Cruz de Tenerife,ES702,Santa Cruz de Tenerife
El Águila,F35060250,11,Producción Agrícola,REGIONS,Comunidades autónomas,Limitada,Limitada,5,Activa,"C/Menendez y Pelayo,16 Vecindario",35110,35022,Santa Lucía de Tirajana,ES701,Las Palmas
El Ahulagar,F35441989,11,Producción Agrícola,REGIONS,Comunidades autónomas,Limitada,Limitada,3,Baja provisional,"C/Mª Encarnacion Navarro,26-1ª",35200,35026,Telde,ES701,Las Palmas
El Bebedero,F35148626,11,Producción Agrícola,REGIONS,Comunidades autónomas,Limitada,Limitada,5,Activa,"C/Faycanes,83-Cruce de Arinaga",35118,35002,Agüimes,ES701,Las Palmas
El Burrero,F35556216,11,Producción Agrícola,REGIONS,Comunidades autónomas,Limitada,Limitada,3,Baja provisional,"Azafata Delgado, 2 2º",35000,35016,Las Palmas de Gran Canaria,ES701,Las Palmas
El Canario,F38631362,12,Producción Ganadera,REGIONS,Comunidades autónomas,Limitada,Limitada,3,Activa,"C/ Taguluche, S/N",38870,38049,Valle Gran Rey,ES702,Santa Cruz de Tenerife
El Cardon,F35087543,14,"Actividades de servicios relacionados con la agricultura y ganadería, excepto actividades veterinarias; mantenimiento de jardines",REGIONS,Comunidades autónomas,Limitada,Limitada,10,Activa,"Era Del Cardon,1 -Sardina Del Sur",35280,35022,Santa Lucía de Tirajana,ES701,Las Palmas
El Delfín,F35629286,11,Producción Agrícola,REGIONS,Comunidades autónomas,Limitada,Limitada,3,Activa,"C/ Doñana, Nº 7",35450,35023,Santa María de Guía de Gran Canaria,ES701,Las Palmas
El Escobonal-Güímar,F38013315,11,Producción Agrícola,REGIONS,Comunidades autónomas,Ilimitada,Limitada,5,Cancelada,Finca La Tirada-El Escobonal,38591,38020,Güímar,ES702,Santa Cruz de Tenerife
El Furel,F35210459,14,"Actividades de servicios relacionados con la agricultura y ganadería, excepto actividades veterinarias; mantenimiento de jardines",REGIONS,Comunidades autónomas,Limitada,Limitada,4,Activa,"C/Doctor Fleming,119",35470,35020,La Aldea de San Nicolás,ES701,Las Palmas
El Goro,_U,11,Producción Agrícola,REGIONS,Comunidades autónomas,Limitada,Limitada,6,Activa,"C/Castrillo,36-Vecindario",35110,35022,Santa Lucía de Tirajana,ES701,Las Palmas
El Granillar,F35437540,11,Producción Agrícola,REGIONS,Comunidades autónomas,Limitada,Limitada,4,Activa,"C/Don Paco Ramos,42",35470,35020,La Aldea de San Nicolás,ES701,Las Palmas
El Guincho,F38356952,12,Producción Ganadera,REGIONS,Comunidades autónomas,Limitada,Limitada,3,Activa,El Pinar S/N,38789,38029,Puntagorda,ES702,Santa Cruz de Tenerife
El Jable,V76204379,_O,Otro,ISLANDS,Islas,Limitada,Ilimitada,50,Activa,"C/Luis Morote Nº 7, 2º D",35500,35004,Arrecife,ES701,Las Palmas
El Lomo,F35273051,11,Producción Agrícola,REGIONS,Comunidades autónomas,Limitada,Limitada,3,Cancelada,Lomo Caballo S/N,35320,35033,Vega de San Mateo,ES701,Las Palmas
El Matorral de Frontera,F38059747,11,Producción Agrícola,REGIONS,Comunidades autónomas,Limitada,Limitada,4,Baja provisional,El Matorral,38911,38013_2007,Frontera,ES702,Santa Cruz de Tenerife
El Miradero de Santa Barbara,V38571881,11,Producción Agrícola,REGIONS,Comunidades autónomas,Limitada,Limitada,5,Activa,Finca El Miradero - Santa Barbara,38430,38022,Icod de Los Vinos,ES702,Santa Cruz de Tenerife
El Montañón,F35067024,14,"Actividades de servicios relacionados con la agricultura y ganadería, excepto actividades veterinarias; mantenimiento de jardines",REGIONS,Comunidades autónomas,Limitada,Limitada,77,Activa,Ctra. Gral. Km.30 Nº100,35460,35009,Gáldar,ES701,Las Palmas
El Palmar,F35106350,12,Producción Ganadera,REGIONS,Comunidades autónomas,Limitada,Limitada,3,Baja provisional,Finca Los Lomosilos,35330,35027,Teror,ES701,Las Palmas
El Palomar,V35063114,14,"Actividades de servicios relacionados con la agricultura y ganadería, excepto actividades veterinarias; mantenimiento de jardines",REGIONS,Comunidades autónomas,Limitada,Limitada,52,Activa,"Camino Del Palomar , 79",35460,35009,Gáldar,ES701,Las Palmas
El Romeral,F35453133,11,Producción Agrícola,REGIONS,Comunidades autónomas,Limitada,Limitada,6,Activa,Avda. de Los Colegios S/N (Juan Grande),35290,35019,San Bartolomé de Tirajana,ES701,Las Palmas
El Roque La Palma,F38702809,11,Producción Agrícola,REGIONS,Comunidades autónomas,Limitada,Limitada,7,Cancelada,C/ Rosas,38760,38024,Los Llanos de Aridane,ES702,Santa Cruz de Tenerife
El Salvaje,F35407329,11,Producción Agrícola,REGIONS,Comunidades autónomas,Limitada,Limitada,3,Activa,"C/Tasarte, Nº206(S.Nicolas de Tolentino)",35478,35020,La Aldea de San Nicolás,ES701,Las Palmas
El Sanigal,_U,12,Producción Ganadera,REGIONS,Comunidades autónomas,Limitada,Limitada,8,Activa,"C/Herreria,Nº5-S.Nicolas de Tolentino-.",35470,35020,La Aldea de San Nicolás,ES701,Las Palmas
El Taro,_U,14,"Actividades de servicios relacionados con la agricultura y ganadería, excepto actividades veterinarias; mantenimiento de jardines",REGIONS,Comunidades autónomas,Limitada,Limitada,3,Baja provisional,"Perez Galdos,5 (El Doctoral)",35280,35022,Santa Lucía de Tirajana,ES701,Las Palmas
El Topo,F38016580,11,Producción Agrícola,REGIONS,Comunidades autónomas,Limitada,Limitada,3,Cancelada,"Finca ""Los Blanquitos"" Lomo Grande",38594,38017,Granadilla de Abona,ES702,Santa Cruz de Tenerife
El Verol,F35514975,11,Producción Agrícola,REGIONS,Comunidades autónomas,Limitada,Limitada,3,Activa,"Avda.De Canarias,316-Vecindario",35110,35022,Santa Lucía de Tirajana,ES701,Las Palmas
El Volcán,_U,14,"Actividades de servicios relacionados con la agricultura y ganadería, excepto actividades veterinarias; mantenimiento de jardines",REGIONS,Comunidades autónomas,Limitada,Limitada,3,Activa,"Calla Los Cuervos, 5,",35539,35024,Teguise,ES701,Las Palmas
Elevacion El Cumplido,_U,14,"Actividades de servicios relacionados con la agricultura y ganadería, excepto actividades veterinarias; mantenimiento de jardines",REGIONS,Comunidades autónomas,Limitada,Limitada,7,Activa,"Enrique Mederos,32",38760,38024,Los Llanos de Aridane,ES702,Santa Cruz de Tenerife
Elibal,F35777283,14,"Actividades de servicios relacionados con la agricultura y ganadería, excepto actividades veterinarias; mantenimiento de jardines",REGIONS,Comunidades autónomas,Limitada,Limitada,3,Activa,"C/ Nestor de La Torre, 26",35470,35020,La Aldea de San Nicolás,ES701,Las Palmas
Estanque Amagar,_U,14,"Actividades de servicios relacionados con la agricultura y ganadería, excepto actividades veterinarias; mantenimiento de jardines",REGIONS,Comunidades autónomas,Limitada,Limitada,115,Activa,Amagar S/N,38780,38047,Tijarafe,ES702,Santa Cruz de Tenerife
Europlatano (antes Frutas Proa),F38611737,_O,Otro,REGIONS,Comunidades autónomas,Limitada,Limitada,23,Cancelada,"Camino de Palomares, Nº 118",38760,38024,Los Llanos de Aridane,ES702,Santa Cruz de Tenerife
Exotica G B,V76535798,11,Producción Agrícola,REGIONS,Comunidades autónomas,Limitada,Limitada,3,Activa,"Avenida Club Nautico, 14, Bajamar",38250,38023,San Cristóbal de La Laguna,ES702,Santa Cruz de Tenerife
Explotacion Agrícola-Ganadera Brezal,F35087667,14,"Actividades de servicios relacionados con la agricultura y ganadería, excepto actividades veterinarias; mantenimiento de jardines",REGIONS,Comunidades autónomas,Limitada,Limitada,5,Baja provisional,"Ctra.Fontanales-Montaña Alta, Km 1",35457,35013,Moya,ES701,Las Palmas
Explotaciones Agrarias de Medianias,G38937272,11,Producción Agrícola,REGIONS,Comunidades autónomas,Limitada,Limitada,3,Activa,"Calle Pilar, 16.3º, Izquierda",38002,38038,Santa Cruz de Tenerife,ES702,Santa Cruz de Tenerife
F.E. EL BACHE,V55420715,11,Producción Agrícola,REGIONS,Comunidades autónomas,Limitada,Ilimitada,3,Activa,"C/Nicolás Eugenio de Ponte y Hoyo 8A,",38450,38015,Garachico,ES702,Santa Cruz de Tenerife
Fabelo-Arbelo,F35220862,14,"Actividades de servicios relacionados con la agricultura y ganadería, excepto actividades veterinarias; mantenimiento de jardines",REGIONS,Comunidades autónomas,Limitada,Limitada,3,Baja provisional,"C/Perez Galdos,5-Doctoral",35280,35022,Santa Lucía de Tirajana,ES701,Las Palmas
Fasnia,F38248134,14,"Actividades de servicios relacionados con la agricultura y ganadería, excepto actividades veterinarias; mantenimiento de jardines",REGIONS,Comunidades autónomas,Limitada,Limitada,120,Baja provisional,Carretera General S/N,38570,38012,Fasnia,ES702,Santa Cruz de Tenerife
Fast,F38002945,11,Producción Agrícola,REGIONS,Comunidades autónomas,Limitada,Limitada,143,Activa,"Ctra. Gral. Las Arenas, 2, La Vera, La Orotava",38314,38026,La Orotava,ES702,Santa Cruz de Tenerife
Finca Canaria,G35889278,14,"Actividades de servicios relacionados con la agricultura y ganadería, excepto actividades veterinarias; mantenimiento de jardines",REGIONS,Comunidades autónomas,Limitada,Limitada,8,Activa,"Calle Cuesta Ramon,S/N,Modulos 1 y 3,Mercalaspalma",35229,35016,Las Palmas de Gran Canaria,ES701,Las Palmas
Finca El Mocan,F38507174,14,"Actividades de servicios relacionados con la agricultura y ganadería, excepto actividades veterinarias; mantenimiento de jardines",REGIONS,Comunidades autónomas,Limitada,Limitada,3,Cancelada,"C/Acaymo,Nº27(Los Blanquitos)",38616,38017,Granadilla de Abona,ES702,Santa Cruz de Tenerife
Finca La Isleta,V38829792,14,"Actividades de servicios relacionados con la agricultura y ganadería, excepto actividades veterinarias; mantenimiento de jardines",REGIONS,Comunidades autónomas,Limitada,Limitada,5,Activa,"Camino de La Cairosa, Nº 24,",38280,38046,Tegueste,ES702,Santa Cruz de Tenerife
Finca La Palmita,V76517531,11,Producción Agrícola,REGIONS,Comunidades autónomas,Limitada,Limitada,3,Activa,"Finca La Palmita, Lomo Espanta, S/N, Mirca",38000,38037,Santa Cruz de La Palma,ES702,Santa Cruz de Tenerife
Finca Los Semilleros,F35702547,11,Producción Agrícola,REGIONS,Comunidades autónomas,Ilimitada,Limitada,3,Cancelada,"Calle Tenerife, 11",35200,35026,Telde,ES701,Las Palmas
Finca Mirabala,V76057660,14,"Actividades de servicios relacionados con la agricultura y ganadería, excepto actividades veterinarias; mantenimiento de jardines",REGIONS,Comunidades autónomas,Limitada,Limitada,6,Activa,"Calle Rafael Clavijo,Nº3,2ºB,Ed. Cristina Arinaga",35118,35002,Agüimes,ES701,Las Palmas
Flor Amiga,F35116755,11,Producción Agrícola,REGIONS,Comunidades autónomas,Limitada,Limitada,3,Baja provisional,"Finca Salvago, Urb.Zurbaran,Tafira Baja",35194,35016,Las Palmas de Gran Canaria,ES701,Las Palmas
Floresca,F35112697,_O,Otro,REGIONS,Comunidades autónomas,Limitada,Limitada,11,Baja provisional,Llanos Del Conde,35217,35031,Valsequillo de Gran Canaria,ES701,Las Palmas
Fontanales,V76125137,14,"Actividades de servicios relacionados con la agricultura y ganadería, excepto actividades veterinarias; mantenimiento de jardines",REGIONS,Comunidades autónomas,Limitada,Limitada,44,Activa,Calle Juan Mateo de Castro Nº 14 Bajo. Fontanales,35420,35013,Moya,ES701,Las Palmas
Framape,F35443266,11,Producción Agrícola,REGIONS,Comunidades autónomas,Limitada,Limitada,7,Activa,"C/Carlos I,Nº54- Vecindario",35110,35022,Santa Lucía de Tirajana,ES701,Las Palmas
Francisco Mejias Perez,_U,11,Producción Agrícola,REGIONS,Comunidades autónomas,Limitada,Limitada,3,Activa,"C/Benertemi,Nº35 -Vecindario",35110,35022,Santa Lucía de Tirajana,ES701,Las Palmas
Francisco Rodríguez Pérez,F35427335,11,Producción Agrícola,REGIONS,Comunidades autónomas,Limitada,Limitada,5,Activa,"Guimidafe,7 Aldea Blanca",35119,35019,San Bartolomé de Tirajana,ES701,Las Palmas
Frufast,V76704485,_O,Otro,REGIONS,Comunidades autónomas,Limitada,Ilimitada,279,Activa,Carretera Gral Las Arenas Nº 2 La Vera,38300,38026,La Orotava,ES702,Santa Cruz de Tenerife
Fruta Tropical del Noroeste,V76059609,11,Producción Agrícola,REGIONS,Comunidades autónomas,Ilimitada,Limitada,11,Activa,"Calle Lomo Guillen, 3, Residencial Las Huertas",35459,35023,Santa María de Guía de Gran Canaria,ES701,Las Palmas
Frutas de Frontera,G38813705,_O,Otro,REGIONS,Comunidades autónomas,Limitada,Limitada,3,Activa,"Calle Agua Nueva, S/N.",38911,38013_2007,Frontera,ES702,Santa Cruz de Tenerife
Frutas del Hierro,F38515821,11,Producción Agrícola,REGIONS,Comunidades autónomas,Limitada,Limitada,84,Activa,"El Matorral,S/N",38910,38013_2007,Frontera,ES702,Santa Cruz de Tenerife
Frutas Doniz,V38357489,_O,Otro,REGIONS,Comunidades autónomas,Limitada,Limitada,63,Activa,"C/Doctor Jordan,4",38470,38042,Los Silos,ES702,Santa Cruz de Tenerife
Frutas Taburiente,_U,_O,Otro,REGIONS,Comunidades autónomas,Limitada,Limitada,4,Activa,"Blas Perez Gonzalez,29",38710,38008,Breña Alta,ES702,Santa Cruz de Tenerife
Frutiscan,_U,11,Producción Agrícola,REGIONS,Comunidades autónomas,Limitada,Limitada,6,Cancelada,Barranco de La Ladrea S/N,38500,38020,Güímar,ES702,Santa Cruz de Tenerife
Fupugal,V76529296,14,"Actividades de servicios relacionados con la agricultura y ganadería, excepto actividades veterinarias; mantenimiento de jardines",REGIONS,Comunidades autónomas,Limitada,Limitada,5,Activa,"Calle Garachico, 1,",38720,38033,San Andrés Y Sauces,ES702,Santa Cruz de Tenerife
Galflor,F35009919,11,Producción Agrícola,REGIONS,Comunidades autónomas,Limitada,Limitada,8,Activa,"C/ Quintana y Leon,N 45",35460,35009,Gáldar,ES701,Las Palmas
Galileo,F35481118,11,Producción Agrícola,REGIONS,Comunidades autónomas,Limitada,Limitada,6,Cancelada,"C/Galileo Galilei,17-Casa Pastores",35110,35022,Santa Lucía de Tirajana,ES701,Las Palmas
Ganadera Canaria,F76632868,12,Producción Ganadera,REGIONS,Comunidades autónomas,Limitada,Limitada,3,Activa,C/Panamá 36. Polig Ind Buenos Aires,38009,38038,Santa Cruz de Tenerife,ES702,Santa Cruz de Tenerife
Ganaderia Rio Cabras,F35618784,12,Producción Ganadera,REGIONS,Comunidades autónomas,Ilimitada,Limitada,3,Activa,"C/ Tesjuate, 16",35600,35017,Puerto del Rosario,ES701,Las Palmas
Ganaderias de La Palma,F38530374,12,Producción Ganadera,REGIONS,Comunidades autónomas,Limitada,Limitada,7,Activa,"C/ La Polvacera, 277",38711,38009,Breña Baja,ES702,Santa Cruz de Tenerife
Ganaderos de Fuerteventura,F35077478,155,Industrias lácteas,REGIONS,Comunidades autónomas,Limitada,Limitada,6,Cancelada,Llanos de La Higuerita Km.5´5,35628,35030,Tuineje,ES701,Las Palmas
Garcia Castellano,F35503374,11,Producción Agrícola,REGIONS,Comunidades autónomas,Limitada,Limitada,3,Activa,"C/Junquillo,38",35450,35023,Santa María de Guía de Gran Canaria,ES701,Las Palmas
Gaviña,_U,11,Producción Agrícola,REGIONS,Comunidades autónomas,Limitada,Limitada,7,Activa,C/General Franco Nº14,38700,38024,Los Llanos de Aridane,ES702,Santa Cruz de Tenerife
Genovi,F35496124,11,Producción Agrícola,REGIONS,Comunidades autónomas,Limitada,Limitada,3,Activa,"C/La Data,Nº4-San Fernando",35420,35013,Moya,ES701,Las Palmas
Gestiones Agroambientales Siglo XXI,G38911145,11,Producción Agrícola,REGIONS,Comunidades autónomas,Limitada,Limitada,24,Activa,"Camino Castro, Nº 41, Barrio de Santa Barbara",38430,38022,Icod de Los Vinos,ES702,Santa Cruz de Tenerife
Giniguada,_U,11,Producción Agrícola,REGIONS,Comunidades autónomas,Limitada,Limitada,3,Activa,"C/Umbria,Nº34",35300,35021,Santa Brígida,ES701,Las Palmas
Gofe,F38060851,11,Producción Agrícola,REGIONS,Comunidades autónomas,Limitada,Limitada,4,Baja provisional,"Sta. Amalia,106 -Los Cristianos",38640,38006,Arona,ES702,Santa Cruz de Tenerife
Gonsadra,F38200382,_O,Otro,REGIONS,Comunidades autónomas,Limitada,Limitada,4,Cancelada,"Finca Las Mostazas,Nº1 (Alcala)",38680,38019,Guía de Isora,ES702,Santa Cruz de Tenerife
Gralmosat,F35142645,12,Producción Ganadera,REGIONS,Comunidades autónomas,Limitada,Limitada,3,Baja provisional,"Lomo de Los Moriscos,S/N",35250,35011,Ingenio,ES701,Las Palmas
Granadillar,F38289104,14,"Actividades de servicios relacionados con la agricultura y ganadería, excepto actividades veterinarias; mantenimiento de jardines",REGIONS,Comunidades autónomas,Limitada,Limitada,4,Activa,"Barroso,Nº 21",38410,38031,Los Realejos,ES702,Santa Cruz de Tenerife
Granja Cercado La Paz y Placeres,F38646279,12,Producción Ganadera,REGIONS,Comunidades autónomas,Limitada,Limitada,3,Activa,"Carretera General, 38 (La Cruz Santa)",38403,38031,Los Realejos,ES702,Santa Cruz de Tenerife
Granja El Pinar,_U,12,Producción Ganadera,REGIONS,Comunidades autónomas,Limitada,Limitada,5,Cancelada,Las Barreras,38009,38032,El Rosario,ES702,Santa Cruz de Tenerife
Granja La Cuesta de Telde,_U,12,Producción Ganadera,REGIONS,Comunidades autónomas,Limitada,Limitada,3,Cancelada,Valle de Casares,35200,35026,Telde,ES701,Las Palmas
Granja Suroeste,F38222576,12,Producción Ganadera,REGIONS,Comunidades autónomas,Limitada,Limitada,3,Baja provisional,"Tijoco de Abajo,9",38670,38001,Adeje,ES702,Santa Cruz de Tenerife
Granjo,F38060570,11,Producción Agrícola,REGIONS,Comunidades autónomas,Limitada,Limitada,4,Cancelada,Ctra. General S/N,38680,38019,Guía de Isora,ES702,Santa Cruz de Tenerife
Grupo Eco,G38941779,14,"Actividades de servicios relacionados con la agricultura y ganadería, excepto actividades veterinarias; mantenimiento de jardines",REGIONS,Comunidades autónomas,Ilimitada,Limitada,16,Cancelada,"Calle Lomo Blanco, Nº 156",38730,38053,Villa de Mazo,ES702,Santa Cruz de Tenerife
Grupo Fruca,F38703419,11,Producción Agrícola,REGIONS,Comunidades autónomas,Limitada,Ilimitada,44,Activa,"Calle Alfonsalia, 2 - Alcala",38680,38019,Guía de Isora,ES702,Santa Cruz de Tenerife
Guancha Agrícola,F38361069,_O,Otro,REGIONS,Comunidades autónomas,Limitada,Limitada,18,Activa,"Finca El Majuelo,2",38450,38015,Garachico,ES702,Santa Cruz de Tenerife
Guayarmina,_U,11,Producción Agrícola,REGIONS,Comunidades autónomas,Limitada,Limitada,3,Activa,"La Acacia,3",35412,35006,Arucas,ES701,Las Palmas
Guymisa,F38250478,12,Producción Ganadera,REGIONS,Comunidades autónomas,Limitada,Limitada,4,Cancelada,Alojera,38840,38050,Vallehermoso,ES702,Santa Cruz de Tenerife
Helicicultura Canaria Sathec,_U,12,Producción Ganadera,REGIONS,Comunidades autónomas,Limitada,Limitada,3,Activa,"C/Arrorro,Nº5",38260,38023,San Cristóbal de La Laguna,ES702,Santa Cruz de Tenerife
Herdagui,_U,11,Producción Agrícola,REGIONS,Comunidades autónomas,Limitada,Limitada,4,Cancelada,Llanos de Sardina,35469,35009,Gáldar,ES701,Las Palmas
Herdoly,_U,11,Producción Agrícola,REGIONS,Comunidades autónomas,Limitada,Limitada,4,Cancelada,"C/Lanzarote,4 -San Nicolas de Tolentino-",35470,35020,La Aldea de San Nicolás,ES701,Las Palmas
Herga,_U,14,"Actividades de servicios relacionados con la agricultura y ganadería, excepto actividades veterinarias; mantenimiento de jardines",REGIONS,Comunidades autónomas,Limitada,Limitada,3,Activa,Gran Barranco,35627,35007,Betancuria,ES701,Las Palmas
Hergoma,_U,11,Producción Agrícola,REGIONS,Comunidades autónomas,Limitada,Limitada,3,Cancelada,"C/La Costa, Nº60 -Tejina",38260,38023,San Cristóbal de La Laguna,ES702,Santa Cruz de Tenerife
Hergonza,V38363925,_O,Otro,REGIONS,Comunidades autónomas,Limitada,Limitada,26,Activa,"Avda.De Jose Antonio,22",38420,38034,San Juan de La Rambla,ES702,Santa Cruz de Tenerife
Hermano Pedro,_U,11,Producción Agrícola,REGIONS,Comunidades autónomas,Limitada,Limitada,7,Activa,"Casa La Juana,-San Isidro",38600,38017,Granadilla de Abona,ES702,Santa Cruz de Tenerife
Hermanos López Ortega,F35217660,11,Producción Agrícola,REGIONS,Comunidades autónomas,Limitada,Limitada,9,Activa,Roque Nublo 35 - Doctoral,35280,35022,Santa Lucía de Tirajana,ES701,Las Palmas
Hermanos Martín Suarez,F35556224,11,Producción Agrícola,REGIONS,Comunidades autónomas,Limitada,Limitada,3,Activa,"Princesa Teseida, 73 - Cruce de Arinaga",35260,35002,Agüimes,ES701,Las Palmas
Hermanos Mayor,F35419530,11,Producción Agrícola,REGIONS,Comunidades autónomas,Limitada,Limitada,3,Activa,C/Tirma Nº139 Cruce de Arinaga,35260,35002,Agüimes,ES701,Las Palmas
Hermanos Naranjo,_U,11,Producción Agrícola,REGIONS,Comunidades autónomas,Limitada,Limitada,4,Activa,"Visvique,19",35400,35006,Arucas,ES701,Las Palmas
Hermanos Ramírez Moreno,V35440379,11,Producción Agrícola,REGIONS,Comunidades autónomas,Limitada,Limitada,3,Cancelada,"C/Casillas,Nº8 -S.Nicolas de Tolentino-.",35470,35020,La Aldea de San Nicolás,ES701,Las Palmas
Hermanos Rodriguez (Herosat),F35084029,11,Producción Agrícola,REGIONS,Comunidades autónomas,Limitada,Limitada,8,Activa,C/Avenida La Constitucion Nº 56,35600,35017,Puerto del Rosario,ES701,Las Palmas
Hermanos Suarez Rancel,F38208005,11,Producción Agrícola,REGIONS,Comunidades autónomas,Limitada,Limitada,8,Activa,Poligono Industrial Costa Del Silencio,38630,38006,Arona,ES702,Santa Cruz de Tenerife
Hermanos Velázquez Luis,F38358529,_O,Otro,REGIONS,Comunidades autónomas,Limitada,Limitada,27,Activa,Ctra.General de Icod A Buenavista Nº 4 - La Caleta,38460,38015,Garachico,ES702,Santa Cruz de Tenerife
Hermanos Yanez,F35757921,11,Producción Agrícola,REGIONS,Comunidades autónomas,Limitada,Limitada,3,Activa,"C/ Caserio Del Palmital, 83",35450,35023,Santa María de Guía de Gran Canaria,ES701,Las Palmas
Hernandez y Zamora,F38221883,11,Producción Agrícola,REGIONS,Comunidades autónomas,Limitada,Limitada,3,Activa,Ctra.General Cruce de Tejina,38291,38023,San Cristóbal de La Laguna,ES702,Santa Cruz de Tenerife
Herpesa,F38311361,11,Producción Agrícola,REGIONS,Comunidades autónomas,Limitada,Limitada,3,Activa,Partido 5 -El Granel,38714,38030,Puntallana,ES702,Santa Cruz de Tenerife
Herrera Agrícola,F38419404,_O,Otro,REGIONS,Comunidades autónomas,Limitada,Limitada,3,Baja provisional,Finca El Apio-Ctra. G.Valleguerra-Tagoro,38297,38023,San Cristóbal de La Laguna,ES702,Santa Cruz de Tenerife
Hersua,F38307864,_O,Otro,REGIONS,Comunidades autónomas,Limitada,Limitada,3,Activa,C/ La Castellana -Tejina (Oficinas En S/C Tfe.),38260,38023,San Cristóbal de La Laguna,ES702,Santa Cruz de Tenerife
Hersuplaca,F35357003,_O,Otro,REGIONS,Comunidades autónomas,Limitada,Limitada,12,Baja provisional,"C/Pte. Albear,43",35007,35016,Las Palmas de Gran Canaria,ES701,Las Palmas
Horfrucan Umbria,F35501964,14,"Actividades de servicios relacionados con la agricultura y ganadería, excepto actividades veterinarias; mantenimiento de jardines",REGIONS,Comunidades autónomas,Limitada,Limitada,3,Activa,"C/La Umbria,10",35430,35008,Firgas,ES701,Las Palmas
Hortícola Aldeana,F35375781,11,Producción Agrícola,REGIONS,Comunidades autónomas,Limitada,Limitada,5,Concurso,"C/Dr.Fleming,66 (San Nicolas de Tolentin.)",35470,35020,La Aldea de San Nicolás,ES701,Las Palmas
Horticola Canaria,F35061217,11,Producción Agrícola,REGIONS,Comunidades autónomas,Limitada,Limitada,3,Activa,"Llano Bernardino,12 Ctra.Granadilla - El Medano",38600,38017,Granadilla de Abona,ES702,Santa Cruz de Tenerife
Hortícola Canaria,_U,11,Producción Agrícola,REGIONS,Comunidades autónomas,Limitada,Limitada,3,Cancelada,"C/ Reverendo Juan Perez Sosa, N 3",35260,35002,Agüimes,ES701,Las Palmas
Hortícola Casa Santa,F35522861,11,Producción Agrícola,REGIONS,Comunidades autónomas,Limitada,Limitada,3,Activa,"C/Sevilla,38 -Vecindario",35110,35022,Santa Lucía de Tirajana,ES701,Las Palmas
Hortofructícola Álvarez,V76037332,11,Producción Agrícola,REGIONS,Comunidades autónomas,Limitada,Limitada,3,Activa,"Calle Victoria, Nº 18, El Doctoral",35110,35022,Santa Lucía de Tirajana,ES701,Las Palmas
Hortofrutícola Lorenzo,F35446343,11,Producción Agrícola,REGIONS,Comunidades autónomas,Limitada,Limitada,5,Activa,"C/Artemi Semidan,Nº35-Cruce de Arinaga",35260,35002,Agüimes,ES701,Las Palmas
Hoya Canaria,F35762400,14,"Actividades de servicios relacionados con la agricultura y ganadería, excepto actividades veterinarias; mantenimiento de jardines",REGIONS,Comunidades autónomas,Limitada,Limitada,3,Activa,"C/ Cura Vicente, 13",35470,35020,La Aldea de San Nicolás,ES701,Las Palmas
Hoya del Verodal,_U,14,"Actividades de servicios relacionados con la agricultura y ganadería, excepto actividades veterinarias; mantenimiento de jardines",REGIONS,Comunidades autónomas,Ilimitada,Limitada,84,Activa,Tigaday -El Matorral,38911,38013_2007,Frontera,ES702,Santa Cruz de Tenerife
Hoya La Palma,F35398924,11,Producción Agrícola,REGIONS,Comunidades autónomas,Limitada,Limitada,4,Activa,C/El Cruce Nº1,35470,35020,La Aldea de San Nicolás,ES701,Las Palmas
Hoya Niebla,F35376821,11,Producción Agrícola,REGIONS,Comunidades autónomas,Limitada,Limitada,3,Activa,Hoya Niebla,35200,35026,Telde,ES701,Las Palmas
Hoya Sabina,F35318807,11,Producción Agrícola,REGIONS,Comunidades autónomas,Limitada,Limitada,3,Activa,"Casas Grandes, 27 -Marzagan",35017,35016,Las Palmas de Gran Canaria,ES701,Las Palmas
Hoyas Charco Verde,F38037040,14,"Actividades de servicios relacionados con la agricultura y ganadería, excepto actividades veterinarias; mantenimiento de jardines",REGIONS,Comunidades autónomas,Limitada,Limitada,252,Cancelada,C/ Carrilla Nº45,38760,38024,Los Llanos de Aridane,ES702,Santa Cruz de Tenerife
Huevos Alonso,_U,12,Producción Ganadera,REGIONS,Comunidades autónomas,Limitada,Limitada,3,Activa,"C/Llano Florido,S/N",35628,35030,Tuineje,ES701,Las Palmas
Idafe,F38043287,_O,Otro,REGIONS,Comunidades autónomas,Limitada,Limitada,10,Cancelada,Camino de Las Rosas Nº 33,38760,38024,Los Llanos de Aridane,ES702,Santa Cruz de Tenerife
Ifara,_U,11,Producción Agrícola,REGIONS,Comunidades autónomas,Limitada,Limitada,13,Activa,"Finca""El Cerquito"" -San Isidro",38600,38017,Granadilla de Abona,ES702,Santa Cruz de Tenerife
Invernaderos El Hoyo,F38024980,11,Producción Agrícola,REGIONS,Comunidades autónomas,Limitada,Limitada,4,Cancelada,Finca El Hoyo.Cno. Lázaro Lopez S/N-Guamasa,38330,38023,San Cristóbal de La Laguna,ES702,Santa Cruz de Tenerife
Isla Bonita Satrl,F38388807,_O,Otro,REGIONS,Comunidades autónomas,Limitada,Limitada,3,Cancelada,"Casa Hilton, Camino Toledo",38600,38017,Granadilla de Abona,ES702,Santa Cruz de Tenerife
Isla Nueva,F35541259,11,Producción Agrícola,REGIONS,Comunidades autónomas,Limitada,Limitada,3,Cancelada,"C/Doctor Fleming,19-S.Nicolas de Tolentino",35470,35020,La Aldea de San Nicolás,ES701,Las Palmas
Izaña,F38692331,14,"Actividades de servicios relacionados con la agricultura y ganadería, excepto actividades veterinarias; mantenimiento de jardines",REGIONS,Comunidades autónomas,Limitada,Limitada,15,Activa,"Camino Las Cañadas, Nº7",38500,38020,Güímar,ES702,Santa Cruz de Tenerife
Jacomar,F35148204,12,Producción Ganadera,REGIONS,Comunidades autónomas,Limitada,Limitada,3,Activa,"C/Jacomar Alto, Nº 45 Tamaraceite",35018,35016,Las Palmas de Gran Canaria,ES701,Las Palmas
Jardines Canarios,F35294396,11,Producción Agrícola,REGIONS,Comunidades autónomas,Limitada,Limitada,3,Cancelada,"C7 Juan Sebastian Elcano,3",35200,35026,Telde,ES701,Las Palmas
Jm Acevedo,F38526026,11,Producción Agrícola,REGIONS,Comunidades autónomas,Limitada,Limitada,4,Cancelada,"Avenida de Venezuela, Nº2, Local 1, El Toscal",38410,38031,Los Realejos,ES702,Santa Cruz de Tenerife
Joalma,_U,12,Producción Ganadera,REGIONS,Comunidades autónomas,Limitada,Limitada,3,Activa,Los Llanos,35200,35026,Telde,ES701,Las Palmas
Juan Adalid,F38496204,14,"Actividades de servicios relacionados con la agricultura y ganadería, excepto actividades veterinarias; mantenimiento de jardines",REGIONS,Comunidades autónomas,Limitada,Limitada,4,Baja provisional,Juan Adalid,38787,38016,Garafía,ES702,Santa Cruz de Tenerife
Juliano Bonny Gómez,F35375096,11,Producción Agrícola,REGIONS,Comunidades autónomas,Limitada,Limitada,12,Activa,"C/Juan Rejon, 89",35008,35016,Las Palmas de Gran Canaria,ES701,Las Palmas
Juraga,F35413095,11,Producción Agrícola,REGIONS,Comunidades autónomas,Limitada,Limitada,3,Activa,C/Tenerife Nº21-San Nicolas de Tolentino,35470,35020,La Aldea de San Nicolás,ES701,Las Palmas
Kingfresh,_U,11,Producción Agrícola,REGIONS,Comunidades autónomas,Limitada,Limitada,3,Activa,"Avenida Los Chicanayros, Nº 8",38430,38022,Icod de Los Vinos,ES702,Santa Cruz de Tenerife
La Alosnera,V76051739,14,"Actividades de servicios relacionados con la agricultura y ganadería, excepto actividades veterinarias; mantenimiento de jardines",REGIONS,Comunidades autónomas,Limitada,Limitada,38,Activa,"Nave Complementaria, 9 B, Mercalaspalmas",35229,ES701,Las Palmas,ES701,Las Palmas
La Atalaya,F35211747,14,"Actividades de servicios relacionados con la agricultura y ganadería, excepto actividades veterinarias; mantenimiento de jardines",REGIONS,Comunidades autónomas,Limitada,Limitada,8,Activa,"Quintana y Leon, Nº45",35460,35009,Gáldar,ES701,Las Palmas
La Candia,F38251732,11,Producción Agrícola,REGIONS,Comunidades autónomas,Limitada,Limitada,5,Activa,"Camino de La Calera,Nº6",38400,38028,Puerto de La Cruz,ES702,Santa Cruz de Tenerife
La Cantera,F35102318,14,"Actividades de servicios relacionados con la agricultura y ganadería, excepto actividades veterinarias; mantenimiento de jardines",REGIONS,Comunidades autónomas,Limitada,Limitada,3,Baja provisional,San Bartolome de Tirajana,35290,35019,San Bartolomé de Tirajana,ES701,Las Palmas
La Cañada de Arona,F38039434,11,Producción Agrícola,REGIONS,Comunidades autónomas,Limitada,Limitada,6,Cancelada,"Pista de Entrada A Los Fondos, Finca La Cañada",38600,38035,San Miguel de Abona,ES702,Santa Cruz de Tenerife
La Cardonera,F35409887,11,Producción Agrícola,REGIONS,Comunidades autónomas,Limitada,Limitada,4,Activa,"C/ La Cardonera, S/N",35470,35020,La Aldea de San Nicolás,ES701,Las Palmas
La Casa Nueva,F35062777,11,Producción Agrícola,REGIONS,Comunidades autónomas,Limitada,Limitada,5,Activa,"C/Doctor Fleming,10",35470,35020,La Aldea de San Nicolás,ES701,Las Palmas
La Cerruda,F35030907,11,Producción Agrícola,REGIONS,Comunidades autónomas,Limitada,Limitada,4,Activa,"Espíritu Santo,14",35001,35016,Las Palmas de Gran Canaria,ES701,Las Palmas
La Chiquita,F38060588,11,Producción Agrícola,REGIONS,Comunidades autónomas,Limitada,Limitada,7,Cancelada,"Ctra.La Chiquita A Vera de Erques,Km.2",38680,38019,Guía de Isora,ES702,Santa Cruz de Tenerife
La Colina,_U,11,Producción Agrícola,REGIONS,Comunidades autónomas,Limitada,Limitada,3,Activa,"El Palillo,Nº14",35470,35020,La Aldea de San Nicolás,ES701,Las Palmas
La Cumbrecita,F35131598,14,"Actividades de servicios relacionados con la agricultura y ganadería, excepto actividades veterinarias; mantenimiento de jardines",REGIONS,Comunidades autónomas,Limitada,Limitada,12,Activa,"Ctra. Del Faro, 28",35460,35009,Gáldar,ES701,Las Palmas
La Estrella,F38017570,11,Producción Agrícola,REGIONS,Comunidades autónomas,Limitada,Limitada,4,Activa,Ctra.S.Miguel -Las Caletas-Punta Del Lomo S/N,38620,38035,San Miguel de Abona,ES702,Santa Cruz de Tenerife
La Gambueza,F38037537,_O,Otro,REGIONS,Comunidades autónomas,Limitada,Limitada,9,Baja provisional,C/ Calvario S/N,38680,38019,Guía de Isora,ES702,Santa Cruz de Tenerife
La Gaviota,F35106566,11,Producción Agrícola,REGIONS,Comunidades autónomas,Limitada,Limitada,4,Activa,"C/Rodriguez de La Fuente,3 (Vecindario)",35110,35022,Santa Lucía de Tirajana,ES701,Las Palmas
La Hormiga,F35567098,11,Producción Agrícola,REGIONS,Comunidades autónomas,Limitada,Limitada,3,Cancelada,"Dean Bolaños, 86- Sardina Del Sur",35280,35022,Santa Lucía de Tirajana,ES701,Las Palmas
La Isla,_U,11,Producción Agrícola,REGIONS,Comunidades autónomas,Limitada,Limitada,3,Activa,"C/Cura Vicente,Nº9",35470,35020,La Aldea de San Nicolás,ES701,Las Palmas
La Isleta,_U,11,Producción Agrícola,REGIONS,Comunidades autónomas,Limitada,Limitada,7,Activa,Plaza de La Iglesia- Tejina,38298,38023,San Cristóbal de La Laguna,ES702,Santa Cruz de Tenerife
La Jaira,_U,14,"Actividades de servicios relacionados con la agricultura y ganadería, excepto actividades veterinarias; mantenimiento de jardines",REGIONS,Comunidades autónomas,Limitada,Limitada,6,Activa,"Lazaro Lopez,S/N Montaña La Atalaya-Garimba",38298,38043,Tacoronte,ES702,Santa Cruz de Tenerife
La Jaquita,F38444907,11,Producción Agrícola,REGIONS,Comunidades autónomas,Limitada,Limitada,4,Activa,"Avda.De Santa Cruz,Nº56",38600,38017,Granadilla de Abona,ES702,Santa Cruz de Tenerife
La Laja,A38370748,11,Producción Agrícola,REGIONS,Comunidades autónomas,Limitada,Limitada,3,Cancelada,Homician -Punta Del Hidalgo,38240,38023,San Cristóbal de La Laguna,ES702,Santa Cruz de Tenerife
La Mercantil,V76113430,14,"Actividades de servicios relacionados con la agricultura y ganadería, excepto actividades veterinarias; mantenimiento de jardines",REGIONS,Comunidades autónomas,Limitada,Limitada,3,Activa,"Mariano de Caceres, Numero 6",35470,35020,La Aldea de San Nicolás,ES701,Las Palmas
La Montañeta,F35592039,11,Producción Agrícola,REGIONS,Comunidades autónomas,Limitada,Limitada,3,Activa,"Llanos de La Bodeguilla, 18",35320,35033,Vega de San Mateo,ES701,Las Palmas
La Morisca,F35143361,11,Producción Agrícola,REGIONS,Comunidades autónomas,Limitada,Limitada,3,Baja provisional,C/Lomo Cumplido La Montaña,35260,35002,Agüimes,ES701,Las Palmas
La Pardilla,F35095314,11,Producción Agrícola,REGIONS,Comunidades autónomas,Limitada,Limitada,3,Activa,"Leon y Castillo, 49",35200,35026,Telde,ES701,Las Palmas
La Paredilla,V35292150,11,Producción Agrícola,REGIONS,Comunidades autónomas,Limitada,Limitada,6,Activa,"C/Fernando Guanarteme,81 (Vecindario)",35110,35022,Santa Lucía de Tirajana,ES701,Las Palmas
"La Pileta (antes ""Solocochino"" y ""Cochino)",F38787040,12,Producción Ganadera,REGIONS,Comunidades autónomas,Limitada,Limitada,3,Activa,"Carretera Gral. Del Norte, Nº 319, Of. 2B",38350,38043,Tacoronte,ES702,Santa Cruz de Tenerife
La Punta,f35279900,11,Producción Agrícola,REGIONS,Comunidades autónomas,Limitada,Limitada,3,Activa,"C/Fco. Leon Herrera, 1",35470,35020,La Aldea de San Nicolás,ES701,Las Palmas
La Punta Daute,F38703484,11,Producción Agrícola,REGIONS,Comunidades autónomas,Limitada,Limitada,38,Cancelada,"Camino La Punta, S/N (Aptdo 17)",38470,38042,Los Silos,ES702,Santa Cruz de Tenerife
La Sabinilla,V35546464,11,Producción Agrícola,REGIONS,Comunidades autónomas,Limitada,Limitada,3,Activa,"C/El Hoyo,Nº37",35470,35020,La Aldea de San Nicolás,ES701,Las Palmas
La Septima,F38452652,11,Producción Agrícola,REGIONS,Comunidades autónomas,Limitada,Limitada,6,Cancelada,"Ctra.Gral.Icod-Buenavista,3 Finca La 5ª",38450,38015,Garachico,ES702,Santa Cruz de Tenerife
La Soledad,F3507607,11,Producción Agrícola,REGIONS,Comunidades autónomas,Limitada,Limitada,3,Activa,"C/ Ruben Dario,Nº1-Vecindario",35110,35022,Santa Lucía de Tirajana,ES701,Las Palmas
La Somaruga,F38034658,11,Producción Agrícola,REGIONS,Comunidades autónomas,Limitada,Limitada,9,Baja provisional,Ctra.General Chio-Guia Isora Km.96´5,38680,38019,Guía de Isora,ES702,Santa Cruz de Tenerife
La Trinchera-Medano,F38630422,11,Producción Agrícola,REGIONS,Comunidades autónomas,Limitada,Limitada,5,Activa,"C/ San Antonio, Nº 21",38600,38017,Granadilla de Abona,ES702,Santa Cruz de Tenerife
Lajares,F35110212,11,Producción Agrícola,REGIONS,Comunidades autónomas,Limitada,Limitada,7,Baja provisional,"C/La Niña,3 -Clavellinas",35200,35026,Telde,ES701,Las Palmas
Lanzaloe,F35690098,11,Producción Agrícola,REGIONS,Comunidades autónomas,Ilimitada,Limitada,3,Cancelada,"C/ La Quemadita, 96 - Orzola",35520,35010,Haría,ES701,Las Palmas
Las Arenas,_U,14,"Actividades de servicios relacionados con la agricultura y ganadería, excepto actividades veterinarias; mantenimiento de jardines",REGIONS,Comunidades autónomas,Limitada,Limitada,5,Activa,C/Pilar Medina Nº 6,35400,35006,Arucas,ES701,Las Palmas
Las Aulagas,F38229993,11,Producción Agrícola,REGIONS,Comunidades autónomas,Limitada,Limitada,4,Cancelada,"C/Ruben Marichal Lopez,26",38004,38038,Santa Cruz de Tenerife,ES702,Santa Cruz de Tenerife
Las Cancelas,F38550398,11,Producción Agrícola,REGIONS,Comunidades autónomas,Limitada,Limitada,4,Cancelada,Los Gallegos,38726,38007,Barlovento,ES702,Santa Cruz de Tenerife
Las Casitas,F38472247,11,Producción Agrícola,REGIONS,Comunidades autónomas,Ilimitada,Limitada,3,Activa,Finca Piedra Gorda,38830,38002,Agulo,ES702,Santa Cruz de Tenerife
Las Castañetas,F35071943,14,"Actividades de servicios relacionados con la agricultura y ganadería, excepto actividades veterinarias; mantenimiento de jardines",REGIONS,Comunidades autónomas,Limitada,Limitada,17,Activa,"Subida de La Cruz,5-Castañetas-.",35470,35020,La Aldea de San Nicolás,ES701,Las Palmas
Las Fontiñas,F38519724,11,Producción Agrícola,REGIONS,Comunidades autónomas,Limitada,Limitada,3,Activa,Los Galguitos,38720,38033,San Andrés Y Sauces,ES702,Santa Cruz de Tenerife
Las Palmeras,V35842400,11,Producción Agrícola,REGIONS,Comunidades autónomas,Limitada,Limitada,4,Activa,"Carretera A Mogan, Nº 20",35470,35020,La Aldea de San Nicolás,ES701,Las Palmas
Las Palmitas,F35424530,11,Producción Agrícola,REGIONS,Comunidades autónomas,Limitada,Limitada,8,Activa,"C/Policarpo Baez,12 - Sardina Del Sur",35280,35022,Santa Lucía de Tirajana,ES701,Las Palmas
Las Playetas,F38054078,11,Producción Agrícola,REGIONS,Comunidades autónomas,Limitada,Limitada,6,Baja provisional,"C/Nuñez de La Peña, 1-Tejina",38298,38023,San Cristóbal de La Laguna,ES702,Santa Cruz de Tenerife
Las Rosas,_U,14,"Actividades de servicios relacionados con la agricultura y ganadería, excepto actividades veterinarias; mantenimiento de jardines",REGIONS,Comunidades autónomas,Limitada,Limitada,20,Activa,San Nicolas de Tolentino,35470,35020,La Aldea de San Nicolás,ES701,Las Palmas
Las Salinas,_U,_O,Otro,REGIONS,Comunidades autónomas,Limitada,Limitada,5,Activa,Ctra. Gral; Pajara,35628,35015,Pájara,ES701,Las Palmas
Las Tapias,F35107788,_O,Otro,REGIONS,Comunidades autónomas,Limitada,Limitada,6,Activa,"Ctra.Gral.Galdar,Km.28 Nº132",35460,35009,Gáldar,ES701,Las Palmas
Las Toscas,F38353975,11,Producción Agrícola,REGIONS,Comunidades autónomas,Ilimitada,Limitada,4,Cancelada,El Granel,38715,38030,Puntallana,ES702,Santa Cruz de Tenerife
Las Vegas de Arucas,F35353820,_O,Otro,REGIONS,Comunidades autónomas,Limitada,Limitada,130,Activa,"Avda. Pedro Morales Deniz, 146",35411,35006,Arucas,ES701,Las Palmas
Las Veredas,F38522082,159,Elaboración de bebidas,REGIONS,Comunidades autónomas,Limitada,Limitada,3,Activa,"C/Lomo Del Molino,23",38500,38020,Güímar,ES702,Santa Cruz de Tenerife
Leña Blanca,F38439683,11,Producción Agrícola,REGIONS,Comunidades autónomas,Limitada,Limitada,4,Activa,"Finca Vista El Balo,Nº2-Icor",38260,38005,Arico,ES702,Santa Cruz de Tenerife
Lito,F38360608,_O,Otro,REGIONS,Comunidades autónomas,Limitada,Limitada,57,Activa,"C/ La Gorvorana, 2",38410,38031,Los Realejos,ES702,Santa Cruz de Tenerife
Llano Flor,F35022078,11,Producción Agrícola,REGIONS,Comunidades autónomas,Limitada,Limitada,7,Cancelada,Llanos Del Conde,35217,35031,Valsequillo de Gran Canaria,ES701,Las Palmas
Llano Pinto,V76641885,11,Producción Agrícola,REGIONS,Comunidades autónomas,Limitada,Ilimitada,3,Activa,C/El Tanque Nº 49,38720,38033,San Andrés Y Sauces,ES702,Santa Cruz de Tenerife
Llano Prieto,F35093772,11,Producción Agrícola,REGIONS,Comunidades autónomas,Limitada,Limitada,9,Cancelada,"C/Lepanto,Nº3-Cruce de Arinaga-Aguimes.",35260,35002,Agüimes,ES701,Las Palmas
Llanos del Corral,F76348184,11,Producción Agrícola,REGIONS,Comunidades autónomas,Ilimitada,Ilimitada,3,Activa,Cercados de Araña Nº 78,35290,35019,San Bartolomé de Tirajana,ES701,Las Palmas
Lo de Cartas,F38401717,14,"Actividades de servicios relacionados con la agricultura y ganadería, excepto actividades veterinarias; mantenimiento de jardines",REGIONS,Comunidades autónomas,Limitada,Limitada,3,Activa,C/Jose Antonio Nº19,38550,38004,Arafo,ES702,Santa Cruz de Tenerife
Lomo Bristol,F35099431,14,"Actividades de servicios relacionados con la agricultura y ganadería, excepto actividades veterinarias; mantenimiento de jardines",REGIONS,Comunidades autónomas,Limitada,Limitada,28,Baja provisional,Diego Soprani 6,35200,35026,Telde,ES701,Las Palmas
Lomo de Quintanilla,F35139815,14,"Actividades de servicios relacionados con la agricultura y ganadería, excepto actividades veterinarias; mantenimiento de jardines",REGIONS,Comunidades autónomas,Limitada,Limitada,5,Baja provisional,"Lomo de Quintanilla, Nº13",35430,35008,Firgas,ES701,Las Palmas
LOMO DEL VISO,V19729201,11,Producción Agrícola,ISLANDS,Islas,Limitada,Ilimitada,10,Activa,"Calle Luján Pérez n.º 9, 2º izquierda",35460,35009,Gáldar,ES701,Las Palmas
Lopez Alejandro,F35523836,11,Producción Agrícola,REGIONS,Comunidades autónomas,Limitada,Limitada,3,Cancelada,"C/Picachos,49",35200,35026,Telde,ES701,Las Palmas
Lopez Mederos,_U,14,"Actividades de servicios relacionados con la agricultura y ganadería, excepto actividades veterinarias; mantenimiento de jardines",REGIONS,Comunidades autónomas,Limitada,Limitada,22,Activa,"Ctra.Gral. Km.28,Nº61",35460,35009,Gáldar,ES701,Las Palmas
Lopez Moreno,F35065325,14,"Actividades de servicios relacionados con la agricultura y ganadería, excepto actividades veterinarias; mantenimiento de jardines",REGIONS,Comunidades autónomas,Limitada,Limitada,7,Activa,"Alcala Diego Trujillo, Nº8",35460,35009,Gáldar,ES701,Las Palmas
Los Abrigos,F38035796,11,Producción Agrícola,REGIONS,Comunidades autónomas,Limitada,Limitada,5,Baja provisional,C/El Agua Nº3,38600,38017,Granadilla de Abona,ES702,Santa Cruz de Tenerife
Los Arrabales,F35206473,14,"Actividades de servicios relacionados con la agricultura y ganadería, excepto actividades veterinarias; mantenimiento de jardines",REGIONS,Comunidades autónomas,Limitada,Limitada,10,Activa,"C/Juan Carlos I,7-Gran Tarajal",35625,35030,Tuineje,ES701,Las Palmas
Los Espinales,_U,11,Producción Agrícola,REGIONS,Comunidades autónomas,Limitada,Limitada,4,Activa,"C/Tinguaro,20-Cruce de Arinaga",35118,35002,Agüimes,ES701,Las Palmas
Los Isleños,F38369179,_O,Otro,REGIONS,Comunidades autónomas,Limitada,Limitada,6,Cancelada,"C/ Sorondongo, 8 (Cercado de Mesa)",38205,38023,San Cristóbal de La Laguna,ES702,Santa Cruz de Tenerife
Los Leones de San Nicolás,F35320753,14,"Actividades de servicios relacionados con la agricultura y ganadería, excepto actividades veterinarias; mantenimiento de jardines",REGIONS,Comunidades autónomas,Limitada,Limitada,3,Activa,"Ctra. A Mogan,25",35470,35020,La Aldea de San Nicolás,ES701,Las Palmas
Los Llanos del Tablero,_U,11,Producción Agrícola,REGIONS,Comunidades autónomas,Limitada,Limitada,7,Activa,"Ctra.De Güimar Al Puertito,Km.2",38500,38020,Güímar,ES702,Santa Cruz de Tenerife
Los Maguenes,V76531292,11,Producción Agrícola,REGIONS,Comunidades autónomas,Limitada,Limitada,7,Activa,"Calle Alfaro, Nº 6, 6º A",38003,38038,Santa Cruz de Tenerife,ES702,Santa Cruz de Tenerife
Los Miraderos,F38437554,11,Producción Agrícola,REGIONS,Comunidades autónomas,Limitada,Limitada,4,Cancelada,"Camino Cueva Del Rey,Nº8",38430,38022,Icod de Los Vinos,ES702,Santa Cruz de Tenerife
LOS MORISCOS,F35146174,11,Producción Agrícola,REGIONS,Comunidades autónomas,Limitada,Limitada,5,Baja provisional,"Finca Majorera, Hoya Los Palos",35240,35011,Ingenio,ES701,Las Palmas
Los Muros,E38503173,11,Producción Agrícola,REGIONS,Comunidades autónomas,Limitada,Limitada,4,Activa,C/Los Muros-Charco Del Pino,38620,38017,Granadilla de Abona,ES702,Santa Cruz de Tenerife
Los Naranjeros,V38044236,11,Producción Agrícola,REGIONS,Comunidades autónomas,Limitada,Limitada,3,Activa,"C/ Luis de La Cruz, Nº2-A",38640,38006,Arona,ES702,Santa Cruz de Tenerife
Los Nateros,F38236881,11,Producción Agrícola,REGIONS,Comunidades autónomas,Limitada,Limitada,4,Activa,"Camino Nuevo, 16, Aripe",38688,38019,Guía de Isora,ES702,Santa Cruz de Tenerife
Los Parlamentos,_U,11,Producción Agrícola,REGIONS,Comunidades autónomas,Limitada,Limitada,5,Activa,Finca Los Parlamentos Km.65.500,38640,38006,Arona,ES702,Santa Cruz de Tenerife
Los Quemados,F35384866,11,Producción Agrícola,REGIONS,Comunidades autónomas,Limitada,Limitada,3,Cancelada,"Ctra. Mogan,19",35470,35020,La Aldea de San Nicolás,ES701,Las Palmas
Los Ramos,_U,11,Producción Agrícola,REGIONS,Comunidades autónomas,Limitada,Limitada,5,Cancelada,"C/Plaza de Weyler,19-1º",38003,38038,Santa Cruz de Tenerife,ES702,Santa Cruz de Tenerife
Los Rodeos,_U,14,"Actividades de servicios relacionados con la agricultura y ganadería, excepto actividades veterinarias; mantenimiento de jardines",REGIONS,Comunidades autónomas,Limitada,Limitada,20,Activa,"La Parada, 10 -Tenteniguada",35216,35031,Valsequillo de Gran Canaria,ES701,Las Palmas
Los Tramos,F35222363,14,"Actividades de servicios relacionados con la agricultura y ganadería, excepto actividades veterinarias; mantenimiento de jardines",REGIONS,Comunidades autónomas,Limitada,Limitada,3,Activa,Tiscamanita,35638,35030,Tuineje,ES701,Las Palmas
Los Trujillos,F38363750,_O,Otro,REGIONS,Comunidades autónomas,Limitada,Limitada,37,Activa,"C/La Caldera,1",38436,38040,Santiago del Teide,ES702,Santa Cruz de Tenerife
Lupema,F35419076,11,Producción Agrícola,REGIONS,Comunidades autónomas,Limitada,Limitada,6,En liquidación,"C/ Capellania Baja, S/N. Bajada Playa Burrero Dcha",35240,35011,Ingenio,ES701,Las Palmas
Lurope,F35130475,11,Producción Agrícola,REGIONS,Comunidades autónomas,Limitada,Limitada,5,Activa,"C/La Laguna, S/N",35260,35002,Agüimes,ES701,Las Palmas
Luzemar,F35574128,11,Producción Agrícola,REGIONS,Comunidades autónomas,Limitada,Limitada,3,Activa,"C/ Espartero, 4 (El Carrizal)",35240,35011,Ingenio,ES701,Las Palmas
Maipez,F35080761,11,Producción Agrícola,REGIONS,Comunidades autónomas,Limitada,Limitada,3,Activa,Finca Maipez -Jinamar,35200,35026,Telde,ES701,Las Palmas
Malpais,G38405908,11,Producción Agrícola,REGIONS,Comunidades autónomas,Limitada,Limitada,8,Activa,"Finca Malpais Nº 11, El Guincho",38450,38015,Garachico,ES702,Santa Cruz de Tenerife
Maninidra,_U,14,"Actividades de servicios relacionados con la agricultura y ganadería, excepto actividades veterinarias; mantenimiento de jardines",REGIONS,Comunidades autónomas,Limitada,Limitada,14,Activa,"C/ Quintana y Leon, 45",35460,35009,Gáldar,ES701,Las Palmas
Manlina,F38327581,11,Producción Agrícola,REGIONS,Comunidades autónomas,Limitada,Limitada,6,Activa,El Campo Nº 9,38680,38019,Guía de Isora,ES702,Santa Cruz de Tenerife
Manugar,F38437687,12,Producción Ganadera,REGIONS,Comunidades autónomas,Limitada,Limitada,4,Cancelada,"Ctra. Subida Al Escobonal,Km.3",38591,38020,Güímar,ES702,Santa Cruz de Tenerife
Manzaflor,F38055646,11,Producción Agrícola,REGIONS,Comunidades autónomas,Limitada,Limitada,3,Activa,"C/ Susana, 39",38470,38042,Los Silos,ES702,Santa Cruz de Tenerife
Mariscalete,_U,11,Producción Agrícola,REGIONS,Comunidades autónomas,Limitada,Limitada,3,Activa,"El Provisor,S/N Ctra.Las Palmas-Arucas.",35400,35006,Arucas,ES701,Las Palmas
Marsua,F35374321,11,Producción Agrícola,REGIONS,Comunidades autónomas,Limitada,Limitada,3,Cancelada,"C/La Palma,14",35470,35020,La Aldea de San Nicolás,ES701,Las Palmas
Martimar (antes Rosales Granados),F35347855,_O,Otro,REGIONS,Comunidades autónomas,Limitada,Limitada,30,Cancelada,"Carretera de La Furnia, S/N,Bº Sardina Del Norte",35002,35009,Gáldar,ES701,Las Palmas
Maruizna,F35375666,11,Producción Agrícola,REGIONS,Comunidades autónomas,Limitada,Limitada,5,Activa,"Juan Del Rio Ayala,3",35470,35020,La Aldea de San Nicolás,ES701,Las Palmas
Mayan,V38445318,11,Producción Agrícola,REGIONS,Comunidades autónomas,Limitada,Limitada,4,Activa,"C/ Miraflores, 35",38713,38037,Santa Cruz de La Palma,ES702,Santa Cruz de Tenerife
Maycar,F38362372,_O,Otro,REGIONS,Comunidades autónomas,Limitada,Limitada,17,Activa,"C/El Roque, S/N -Santa Catalina",38440,38018,La Guancha,ES702,Santa Cruz de Tenerife
Mayorica (antes Chiquita I),F38315107,11,Producción Agrícola,REGIONS,Comunidades autónomas,Limitada,Limitada,5,Activa,"C/Ramon y Cajal,4-P1-5ºB,Edificio Siena",38003,38038,Santa Cruz de Tenerife,ES702,Santa Cruz de Tenerife
Mecasat,F35126929,14,"Actividades de servicios relacionados con la agricultura y ganadería, excepto actividades veterinarias; mantenimiento de jardines",REGIONS,Comunidades autónomas,Limitada,Limitada,3,Activa,Tiscamanita,35628,35030,Tuineje,ES701,Las Palmas
Mederos,F35413566,11,Producción Agrícola,REGIONS,Comunidades autónomas,Limitada,Limitada,3,Activa,"C/La Graciosa,16",35479,35020,La Aldea de San Nicolás,ES701,Las Palmas
Mi Tierra,V35982107,11,Producción Agrícola,REGIONS,Comunidades autónomas,Limitada,Limitada,4,Activa,"Calle Doctor Fleming, 109",35471,35020,La Aldea de San Nicolás,ES701,Las Palmas
Miguel Deniz,F35534148,11,Producción Agrícola,REGIONS,Comunidades autónomas,Limitada,Limitada,3,Cancelada,"C/El Palillo,Nº73-Tasarte",35478,35020,La Aldea de San Nicolás,ES701,Las Palmas
Mirmijor Fruits,F35485986,11,Producción Agrícola,REGIONS,Comunidades autónomas,Limitada,Limitada,3,Cancelada,"C/Juan Del Rio Ayala,11",35470,35020,La Aldea de San Nicolás,ES701,Las Palmas
Montaña Roja,F38287637,11,Producción Agrícola,REGIONS,Comunidades autónomas,Limitada,Limitada,4,Cancelada,Finca El Topo,38600,38017,Granadilla de Abona,ES702,Santa Cruz de Tenerife
Montaña Roja Herbs,V76825207,11,Producción Agrícola,REGIONS,Comunidades autónomas,Limitada,Limitada,6,Cancelada,C/ del Castillo n.º 68,38003,38038,Santa Cruz de Tenerife,ES702,Santa Cruz de Tenerife
Montañas de Anaga,F38663423,_O,Otro,REGIONS,Comunidades autónomas,Limitada,Limitada,9,Activa,"C/ Las Peñas, S/N. (Las Carboneras)",38294,38023,San Cristóbal de La Laguna,ES702,Santa Cruz de Tenerife
Monteverde,F38369021,11,Producción Agrícola,REGIONS,Comunidades autónomas,Limitada,Limitada,218,Activa,"Camino Martelas de Abajo, 4. Triana",38767,38024,Los Llanos de Aridane,ES702,Santa Cruz de Tenerife
Nasu,F35412378,11,Producción Agrícola,REGIONS,Comunidades autónomas,Limitada,Limitada,3,Activa,"Doctor Fleming,19.-San Nicolas de Tolentino",35470,35020,La Aldea de San Nicolás,ES701,Las Palmas
Nicolases,V35104645,11,Producción Agrícola,REGIONS,Comunidades autónomas,Limitada,Limitada,4,Activa,"C/Jovellanos,26 -Vecindario",35110,35022,Santa Lucía de Tirajana,ES701,Las Palmas
Nido Cuervo,F35066620,14,"Actividades de servicios relacionados con la agricultura y ganadería, excepto actividades veterinarias; mantenimiento de jardines",REGIONS,Comunidades autónomas,Limitada,Limitada,4,Activa,"C/La Coruña,Nº15",35460,35009,Gáldar,ES701,Las Palmas
Norsur - Agrupación de SAT,_U,_O,Otro,REGIONS,Comunidades autónomas,Limitada,Limitada,2,Activa,"Avda.Jose Antonio,41",38420,38034,San Juan de La Rambla,ES702,Santa Cruz de Tenerife
Novaflor,V35403534,11,Producción Agrícola,REGIONS,Comunidades autónomas,Limitada,Limitada,3,Activa,"C/ Martinon Leon, Nº 2 - 1º A",35460,35009,Gáldar,ES701,Las Palmas
Nuestra Señora del Pino,_U,14,"Actividades de servicios relacionados con la agricultura y ganadería, excepto actividades veterinarias; mantenimiento de jardines",REGIONS,Comunidades autónomas,Limitada,Limitada,402,Activa,Ctra.General S/N,38750,38027,El Paso,ES702,Santa Cruz de Tenerife
Organizacion Platanera de La Palma,F38355566,_O,Otro,REGIONS,Comunidades autónomas,Limitada,Limitada,852,Cancelada,"Plaza de Sotomayor,35 -Argual",38760,38024,Los Llanos de Aridane,ES702,Santa Cruz de Tenerife
Orilla Las Vegas,F35110857,11,Producción Agrícola,REGIONS,Comunidades autónomas,Limitada,Limitada,3,Activa,"Orilla Las Vegas, S/N",35217,35031,Valsequillo de Gran Canaria,ES701,Las Palmas
Ornamentales de Jagua,_U,11,Producción Agrícola,REGIONS,Comunidades autónomas,Limitada,Limitada,3,Cancelada,Jagua,38500,38020,Güímar,ES702,Santa Cruz de Tenerife
Oromiel,_U,12,Producción Ganadera,REGIONS,Comunidades autónomas,Limitada,Limitada,6,Activa,"Calle Juan Gonzalez Cruz, 10",38310,38026,La Orotava,ES702,Santa Cruz de Tenerife
Orovales,F38362026,_O,Otro,REGIONS,Comunidades autónomas,Limitada,Limitada,212,Activa,"Ctra. Gral. del Norte,23 La Vera",38300,38026,La Orotava,ES702,Santa Cruz de Tenerife
Ortega Y Monzón,F35493337,11,Producción Agrícola,REGIONS,Comunidades autónomas,Limitada,Limitada,8,Activa,"C/Tahiche,34-El Doctoral",35280,35022,Santa Lucía de Tirajana,ES701,Las Palmas
Pajillos de San Isidro,_U,11,Producción Agrícola,REGIONS,Comunidades autónomas,Limitada,Limitada,5,Activa,"Avda. de Santa Cruz,151",38611,38017,Granadilla de Abona,ES702,Santa Cruz de Tenerife
Palmadrid,F38367363,_O,Otro,REGIONS,Comunidades autónomas,Limitada,Limitada,318,Activa,"Los Galgitos, S/N",38729,38033,San Andrés Y Sauces,ES702,Santa Cruz de Tenerife
Papa Bonita,V76574532,11,Producción Agrícola,REGIONS,Comunidades autónomas,Limitada,Limitada,7,Activa,"Calle Camino Real, 84",38414,38031,Los Realejos,ES702,Santa Cruz de Tenerife
Papas de la isla,F38619441,_O,Otro,REGIONS,Comunidades autónomas,Limitada,Limitada,72,Activa,"Barrio de Jama, 41",38613,38052,Vilaflor de Chasna,ES702,Santa Cruz de Tenerife
Peceka,F38061024,11,Producción Agrícola,REGIONS,Comunidades autónomas,Limitada,Limitada,5,Activa,"Paseo Milicias de Garachico, 1 ofic 29",38002,38038,Santa Cruz de Tenerife,ES702,Santa Cruz de Tenerife
Pegojo,F35766732,14,"Actividades de servicios relacionados con la agricultura y ganadería, excepto actividades veterinarias; mantenimiento de jardines",REGIONS,Comunidades autónomas,Limitada,Limitada,3,Activa,"C/Trasera de Angel Guimera, Urb.Ind.Los Cascajos",35220,35026,Telde,ES701,Las Palmas
Peñate,F35432558,11,Producción Agrícola,REGIONS,Comunidades autónomas,Limitada,Limitada,3,Activa,"C/Mariano de Caceres,6-2º",35470,35020,La Aldea de San Nicolás,ES701,Las Palmas
Pepe Leon,F35445162,11,Producción Agrícola,REGIONS,Comunidades autónomas,Limitada,Limitada,4,Activa,"C/Jose Antonio,16",35470,35020,La Aldea de San Nicolás,ES701,Las Palmas
Pie de Cabra,F38059739,11,Producción Agrícola,REGIONS,Comunidades autónomas,Limitada,Limitada,5,Cancelada,Pie de Cabra,38911,38013_2007,Frontera,ES702,Santa Cruz de Tenerife
Piedra Chopascua,V76074012,14,"Actividades de servicios relacionados con la agricultura y ganadería, excepto actividades veterinarias; mantenimiento de jardines",REGIONS,Comunidades autónomas,Limitada,Limitada,3,Activa,"Calle Las Rosas, Nº 38",35478,35020,La Aldea de San Nicolás,ES701,Las Palmas
Piensos La Granja,_U,_O,Otro,REGIONS,Comunidades autónomas,Limitada,Limitada,3,Activa,"C/Subida de La Cruz,3",35478,35020,La Aldea de San Nicolás,ES701,Las Palmas
Pladimsa,F38362042,_O,Otro,REGIONS,Comunidades autónomas,Limitada,Limitada,123,Activa,"C/Los Sabandeños,13",38420,38034,San Juan de La Rambla,ES702,Santa Cruz de Tenerife
Platalito,F38525879,11,Producción Agrícola,REGIONS,Comunidades autónomas,Limitada,Limitada,5,Activa,"Avenida Venezuela, Nº2, Local 1, El Toscal",38417,38031,Los Realejos,ES702,Santa Cruz de Tenerife
Plataneros de Canarias,V38701744,11,Producción Agrícola,REGIONS,Comunidades autónomas,Limitada,Limitada,6,Activa,"Calle Lomos de Guillen,3",35450,35023,Santa María de Guía de Gran Canaria,ES701,Las Palmas
Platanos Taburiente,F38368973,_O,Otro,REGIONS,Comunidades autónomas,Limitada,Limitada,5,Activa,"C.C. Tagomago - Plaza de La Constitucion, 6",38760,38024,Los Llanos de Aridane,ES702,Santa Cruz de Tenerife
Playa Blanca,f38369013,11,Producción Agrícola,REGIONS,Comunidades autónomas,Limitada,Limitada,50,Activa,"C/Benigno Carballo,19",38760,38024,Los Llanos de Aridane,ES702,Santa Cruz de Tenerife
Posma,V76588946,11,Producción Agrícola,REGIONS,Comunidades autónomas,Limitada,Limitada,8,Activa,Carretera General Del Norte Nº 29,38360,38041,El Sauzal,ES702,Santa Cruz de Tenerife
Pozo del Capellan,_U,14,"Actividades de servicios relacionados con la agricultura y ganadería, excepto actividades veterinarias; mantenimiento de jardines",REGIONS,Comunidades autónomas,Limitada,Limitada,5,Cancelada,C/ La Vega S/N - El Capellan,35460,35009,Gáldar,ES701,Las Palmas
Pozo La Majada,V38077715,14,"Actividades de servicios relacionados con la agricultura y ganadería, excepto actividades veterinarias; mantenimiento de jardines",REGIONS,Comunidades autónomas,Limitada,Limitada,56,Activa,La Majada - Tejina,38260,38023,San Cristóbal de La Laguna,ES702,Santa Cruz de Tenerife
Pozo Los Pilones,_U,14,"Actividades de servicios relacionados con la agricultura y ganadería, excepto actividades veterinarias; mantenimiento de jardines",REGIONS,Comunidades autónomas,Limitada,Limitada,52,Activa,Barranco El Espinal -Tejina,38260,38023,San Cristóbal de La Laguna,ES702,Santa Cruz de Tenerife
Presas O Campo,F38323481,11,Producción Agrícola,REGIONS,Comunidades autónomas,Limitada,Limitada,4,Cancelada,"Ctra.Nueva, 291",38350,38043,Tacoronte,ES702,Santa Cruz de Tenerife
Prodiflora,F38323093,11,Producción Agrícola,REGIONS,Comunidades autónomas,Limitada,Limitada,5,Activa,Las Socas S/N Apdo.Correos Nº157,38500,38020,Güímar,ES702,Santa Cruz de Tenerife
Productores Costa Sur,F38560116,11,Producción Agrícola,REGIONS,Comunidades autónomas,Limitada,Limitada,48,Activa,"Rambla de Los Menceyes Nº 10, Puntalarga",38530,38011,Candelaria,ES702,Santa Cruz de Tenerife
Productos Aguadulce,V38051611,11,Producción Agrícola,REGIONS,Comunidades autónomas,Limitada,Limitada,6,Activa,"Finca Aguadulce, Playa de San Juan",38687,38019,Guía de Isora,ES702,Santa Cruz de Tenerife
Proeco La Palma,V76788132,11,Producción Agrícola,REGIONS,Comunidades autónomas,Limitada,Ilimitada,5,Activa,C/O'Daly Nº 12,38700,38037,Santa Cruz de La Palma,ES702,Santa Cruz de Tenerife
Profur,F35379007,12,Producción Ganadera,REGIONS,Comunidades autónomas,Limitada,Limitada,3,Activa,C/Amanay Nº 2,35620,35030,Tuineje,ES701,Las Palmas
Proplapal,V76747476,_O,Otro,REGIONS,Comunidades autónomas,Limitada,Ilimitada,32,Activa,C/ Cantábrico Nº 6. El Guincho,38710,38008,Breña Alta,ES702,Santa Cruz de Tenerife
Proplate - Agrupacion de SAT,F38369096,_O,Otro,REGIONS,Comunidades autónomas,Limitada,Limitada,3,Cancelada,"Avda Jose Antonio,21",38420,38034,San Juan de La Rambla,ES702,Santa Cruz de Tenerife
Proteas Gran Canaria,V35726256,11,Producción Agrícola,REGIONS,Comunidades autónomas,Limitada,Limitada,4,Activa,"C/ El Agua, S/N",35320,35033,Vega de San Mateo,ES701,Las Palmas
Proteas Tenerife,V38943213,11,Producción Agrícola,REGIONS,Comunidades autónomas,Limitada,Limitada,13,Activa,"Crtra General Del Norte N. 127. Cruz Chica, Guamas",38200,38023,San Cristóbal de La Laguna,ES702,Santa Cruz de Tenerife
Pulido,_U,12,Producción Ganadera,REGIONS,Comunidades autónomas,Limitada,Limitada,6,Activa,C/Agua de Bueyes,35630,35003,Antigua,ES701,Las Palmas
Quemada de Bello,F38099651,14,"Actividades de servicios relacionados con la agricultura y ganadería, excepto actividades veterinarias; mantenimiento de jardines",REGIONS,Comunidades autónomas,Limitada,Limitada,5,Activa,"Finca Quemada,Ctra. Buzanada",38640,38006,Arona,ES702,Santa Cruz de Tenerife
Queso Flor de Valsequillo,F35209469,12,Producción Ganadera,REGIONS,Comunidades autónomas,Limitada,Limitada,4,Activa,"Calle Salvia, Nº 24",35217,35031,Valsequillo de Gran Canaria,ES701,Las Palmas
Ramagua,F35091396,11,Producción Agrícola,REGIONS,Comunidades autónomas,Limitada,Limitada,7,Baja provisional,La Plata,35290,35019,San Bartolomé de Tirajana,ES701,Las Palmas
Ramírez Guerra,V76062108,11,Producción Agrícola,REGIONS,Comunidades autónomas,Limitada,Limitada,4,Cancelada,"C/ Jose Antonio Primo de Rivera, 60",35470,35020,La Aldea de San Nicolás,ES701,Las Palmas
Ramosat,F35426774,11,Producción Agrícola,REGIONS,Comunidades autónomas,Limitada,Limitada,9,Activa,"C/Presbiterio Policarpo Baez,34",35110,35022,Santa Lucía de Tirajana,ES701,Las Palmas
Rancho Odri,F39770806,11,Producción Agrícola,REGIONS,Comunidades autónomas,Limitada,Limitada,3,Cancelada,Los Tabares,38379,38025,La Matanza de Acentejo,ES702,Santa Cruz de Tenerife
Raymi,F38399010,11,Producción Agrícola,REGIONS,Comunidades autónomas,Limitada,Limitada,5,Activa,"C/San Bartolome,15 El Rio",38593,38005,Arico,ES702,Santa Cruz de Tenerife
Regantes Llanos de Caleta y Sobradillo,_U,14,"Actividades de servicios relacionados con la agricultura y ganadería, excepto actividades veterinarias; mantenimiento de jardines",REGIONS,Comunidades autónomas,Limitada,Limitada,62,Activa,El Sobradillo,35000,35009,Gáldar,ES701,Las Palmas
Reparto de Sardina,F35395680,14,"Actividades de servicios relacionados con la agricultura y ganadería, excepto actividades veterinarias; mantenimiento de jardines",REGIONS,Comunidades autónomas,Limitada,Limitada,6,Activa,"Carretera de La Furnia, S/N",35460,35009,Gáldar,ES701,Las Palmas
Restinga,F38063418,11,Producción Agrícola,REGIONS,Comunidades autónomas,Ilimitada,Limitada,3,Activa,"La Cruz, Nº9",38760,38024,Los Llanos de Aridane,ES702,Santa Cruz de Tenerife
Rimebac,F38268306,11,Producción Agrícola,REGIONS,Comunidades autónomas,Limitada,Limitada,6,Cancelada,"Piedra Hincada,8",38680,38019,Guía de Isora,ES702,Santa Cruz de Tenerife
Riofrut (antes Ant.Hdez.Morales e Hijos),F38301727,11,Producción Agrícola,REGIONS,Comunidades autónomas,Limitada,Limitada,4,Activa,"Ctra.General Del Sur,10. El Rio",38593,38005,Arico,ES702,Santa Cruz de Tenerife
Rodrigon,F35068022,11,Producción Agrícola,REGIONS,Comunidades autónomas,Limitada,Limitada,4,Baja provisional,Republica Argentina Nº 70,35000,35011,Ingenio,ES701,Las Palmas
Rosiana,F35085596,11,Producción Agrícola,REGIONS,Comunidades autónomas,Limitada,Limitada,8,Baja provisional,"C/Leon y Castillo,118",35280,35022,Santa Lucía de Tirajana,ES701,Las Palmas
Royal Palm,F38465555,11,Producción Agrícola,REGIONS,Comunidades autónomas,Limitada,Limitada,3,Activa,"C/Los Palmeros,S/N-Alojera",38840,38050,Vallehermoso,ES702,Santa Cruz de Tenerife
Sabor de las Islas Satrl,_U,11,Producción Agrícola,REGIONS,Comunidades autónomas,Limitada,Limitada,3,Cancelada,"Casa Hilton,Camino Toledo",38600,38017,Granadilla de Abona,ES702,Santa Cruz de Tenerife
Sabores de Garafía,V76736065,_O,Otro,ISLANDS,Islas,Limitada,Ilimitada,32,Activa,Crtra Juan Adalid S/N,38787,38016,Garafía,ES702,Santa Cruz de Tenerife
Salvia de Canarias,F35464817,11,Producción Agrícola,REGIONS,Comunidades autónomas,Limitada,Limitada,3,Activa,"C/Sabandeños,4",35200,35026,Telde,ES701,Las Palmas
San Alberto,F38050738,_O,Otro,REGIONS,Comunidades autónomas,Limitada,Limitada,5,Cancelada,"C/Leon, Nº1",38300,38026,La Orotava,ES702,Santa Cruz de Tenerife
San Antonio,F35010081,11,Producción Agrícola,REGIONS,Comunidades autónomas,Limitada,Limitada,4,Activa,"Espiritu Santo, 14",35001,35016,Las Palmas de Gran Canaria,ES701,Las Palmas
San Antonio,F35010081,11,Producción Agrícola,REGIONS,Comunidades autónomas,Limitada,Limitada,10,Activa,"Finca Guaza de ""El Coronel""",38640,38006,Arona,ES702,Santa Cruz de Tenerife
San Florencio,_U,11,Producción Agrícola,REGIONS,Comunidades autónomas,Limitada,Limitada,5,Activa,"Bethencourt Alfonso, 2",38620,38035,San Miguel de Abona,ES702,Santa Cruz de Tenerife
San Francisco,_U,14,"Actividades de servicios relacionados con la agricultura y ganadería, excepto actividades veterinarias; mantenimiento de jardines",REGIONS,Comunidades autónomas,Limitada,Limitada,4,Activa,"C/ Quintan y Leon, 45",35460,35009,Gáldar,ES701,Las Palmas
San Gonzalo de Tegueste,F38572145,11,Producción Agrícola,REGIONS,Comunidades autónomas,Limitada,Limitada,6,Activa,"Finca S. Gonzalo, El Socorro",38280,38046,Tegueste,ES702,Santa Cruz de Tenerife
San Marcos Daute,F38025474,_O,Otro,REGIONS,Comunidades autónomas,Limitada,Limitada,32,Cancelada,"Ctra.Gral.El Esparragal, 2-1ºD",38470,38042,Los Silos,ES702,Santa Cruz de Tenerife
San Miguel Arcángel,F38296323,14,"Actividades de servicios relacionados con la agricultura y ganadería, excepto actividades veterinarias; mantenimiento de jardines",REGIONS,Comunidades autónomas,Limitada,Limitada,205,Baja provisional,"Ctra.General,1 -Viña Vieja",38620,38035,San Miguel de Abona,ES702,Santa Cruz de Tenerife
San Nicolás,F38015152,11,Producción Agrícola,REGIONS,Comunidades autónomas,Limitada,Limitada,8,Baja provisional,Finca La Jurada-San Isidro,38600,38017,Granadilla de Abona,ES702,Santa Cruz de Tenerife
Sanchez Bueno,F35516459,11,Producción Agrícola,REGIONS,Comunidades autónomas,Limitada,Limitada,3,Activa,"C/Los Olivos,178",35300,35021,Santa Brígida,ES701,Las Palmas
Santa Elena,F35424175,11,Producción Agrícola,REGIONS,Comunidades autónomas,Limitada,Limitada,9,Cancelada,"C/ Perojo, 11",35003,35016,Las Palmas de Gran Canaria,ES701,Las Palmas
Santa Lucía,F35818004,11,Producción Agrícola,REGIONS,Comunidades autónomas,Limitada,Limitada,3,Activa,"C/ Primero de Mayo, 114-1º-D",35110,35022,Santa Lucía de Tirajana,ES701,Las Palmas
Santana Vega,_U,11,Producción Agrícola,REGIONS,Comunidades autónomas,Limitada,Limitada,5,Activa,"Molino Del Pilar,18;El Madroñal",35308,35021,Santa Brígida,ES701,Las Palmas
Saray,_U,11,Producción Agrícola,REGIONS,Comunidades autónomas,Limitada,Limitada,3,Cancelada,"C/Palillo,Nº53",35470,35020,La Aldea de San Nicolás,ES701,Las Palmas
Seda-Artesana Doña Maruca,F38122205,12,Producción Ganadera,REGIONS,Comunidades autónomas,Limitada,Limitada,3,Baja provisional,"C/ La Rosa, 61",38750,38027,El Paso,ES702,Santa Cruz de Tenerife
Selecta Canarias,F38281184,11,Producción Agrícola,REGIONS,Comunidades autónomas,Limitada,Limitada,4,Activa,"Finca Agua Dulce, Playa de San Juan",38687,38019,Guía de Isora,ES702,Santa Cruz de Tenerife
Semilleros Sardina,F35105360,11,Producción Agrícola,REGIONS,Comunidades autónomas,Limitada,Limitada,3,Activa,"C/Viriato,6 -Sardina Del Sur",35280,35022,Santa Lucía de Tirajana,ES701,Las Palmas
Semiplant,F35068048,_O,Otro,REGIONS,Comunidades autónomas,Limitada,Limitada,4,Baja provisional,"Bajada de Vargas S/N, Finca Las Rosas",35260,35002,Agüimes,ES701,Las Palmas
Semival,G35863638,14,"Actividades de servicios relacionados con la agricultura y ganadería, excepto actividades veterinarias; mantenimiento de jardines",REGIONS,Comunidades autónomas,Limitada,Limitada,3,Activa,"C/Trasera Angel Guimera, S/N., Jinamar",35220,35026,Telde,ES701,Las Palmas
SERVICIOS AGRARIOS CAI GOMERA,V75855577,14,"Actividades de servicios relacionados con la agricultura y ganadería, excepto actividades veterinarias; mantenimiento de jardines",ISLANDS,Islas,Limitada,Ilimitada,8,Activa,"Carretera General de Hermigua n.º 153, 38820 Hermigua",38820,38021,Hermigua,ES702,Santa Cruz de Tenerife
Setascan Perolete Rociana,F76222884,_O,Otro,REGIONS,Comunidades autónomas,Limitada,Ilimitada,5,Cancelada,Calle Cantera Nº 13,35217,35031,Valsequillo de Gran Canaria,ES701,Las Palmas
Sigma Dorada,_U,14,"Actividades de servicios relacionados con la agricultura y ganadería, excepto actividades veterinarias; mantenimiento de jardines",REGIONS,Comunidades autónomas,Limitada,Limitada,5,Activa,"Casas de Los Maestros,La Degollada",38580,38005,Arico,ES702,Santa Cruz de Tenerife
Sintes Y Sintes,F35315639,11,Producción Agrícola,REGIONS,Comunidades autónomas,Limitada,Limitada,3,Baja provisional,"Silvestre Bello,26 Vecindario",35110,35022,Santa Lucía de Tirajana,ES701,Las Palmas
Siverio,_U,11,Producción Agrícola,REGIONS,Comunidades autónomas,Limitada,Limitada,5,Activa,Finca La Quinta Siverio,38580,38005,Arico,ES702,Santa Cruz de Tenerife
Solyventura,F35629591,11,Producción Agrícola,REGIONS,Comunidades autónomas,Limitada,Limitada,4,Activa,"Carretera General de Tuineje, Km. 13 (Teguerey)",35629,35030,Tuineje,ES701,Las Palmas
Solyviento,F35415272,11,Producción Agrícola,REGIONS,Comunidades autónomas,Limitada,Limitada,4,Activa,"Calle Almendro, Nº3, Pol. Industrial de Arinaga",35119,35002,Agüimes,ES701,Las Palmas
Suarez Ojeda,F35082171,14,"Actividades de servicios relacionados con la agricultura y ganadería, excepto actividades veterinarias; mantenimiento de jardines",REGIONS,Comunidades autónomas,Limitada,Limitada,9,Activa,"C/ Delgado, 140",35460,35009,Gáldar,ES701,Las Palmas
Suynar,V35412386,11,Producción Agrícola,REGIONS,Comunidades autónomas,Limitada,Limitada,6,Baja provisional,C/Cervantes Nº2,35478,35020,La Aldea de San Nicolás,ES701,Las Palmas
Tablero de Las Quemadas,G35510916,159,Elaboración de bebidas,REGIONS,Comunidades autónomas,Limitada,Limitada,6,Activa,"Finca Tablero de Las Quemadas,S/N",35560,35029,Tinajo,ES701,Las Palmas
Taenka,V76784461,11,Producción Agrícola,REGIONS,Comunidades autónomas,Limitada,Ilimitada,4,Cancelada,C/La Piedra 34,38787,38016,Garafía,ES702,Santa Cruz de Tenerife
Tajinaste,F38325833,159,Elaboración de bebidas,REGIONS,Comunidades autónomas,Limitada,Limitada,135,Cancelada,"Camino Cueva Del Rey,S/N. Barrio San Felipe",38430,38022,Icod de Los Vinos,ES702,Santa Cruz de Tenerife
Tajuya,F38367140,_O,Otro,REGIONS,Comunidades autónomas,Limitada,Limitada,72,Activa,"Callejon Angosto,36",38760,38024,Los Llanos de Aridane,ES702,Santa Cruz de Tenerife
Tama,F76088897,14,"Actividades de servicios relacionados con la agricultura y ganadería, excepto actividades veterinarias; mantenimiento de jardines",REGIONS,Comunidades autónomas,Limitada,Limitada,3,Activa,"Barranco Arguineguin, 17, Los Calderos",35129,35012,Mogán,ES701,Las Palmas
Tamara,F35082007,11,Producción Agrícola,REGIONS,Comunidades autónomas,Limitada,Limitada,7,Activa,"La Cazuela, S/N - Tenoya",35000,35016,Las Palmas de Gran Canaria,ES701,Las Palmas
Tasartico,F35132836,14,"Actividades de servicios relacionados con la agricultura y ganadería, excepto actividades veterinarias; mantenimiento de jardines",REGIONS,Comunidades autónomas,Limitada,Limitada,41,Cancelada,La Renta-Tasartico,35478,35020,La Aldea de San Nicolás,ES701,Las Palmas
Tatiana,V76091537,14,"Actividades de servicios relacionados con la agricultura y ganadería, excepto actividades veterinarias; mantenimiento de jardines",REGIONS,Comunidades autónomas,Limitada,Limitada,3,Activa,"Calle Hoya, 54",35470,35020,La Aldea de San Nicolás,ES701,Las Palmas
Tecorone,F38774584,11,Producción Agrícola,REGIONS,Comunidades autónomas,Limitada,Limitada,4,Cancelada,"Finca Experimental Mar de Las Calmas, Las Lapillas",38000,38013_2007,Frontera,ES702,Santa Cruz de Tenerife
Teguerey,F35068055,_O,Otro,REGIONS,Comunidades autónomas,Limitada,Limitada,3,Activa,Finca La Banda S/N (La Banda),35004,35002,Agüimes,ES701,Las Palmas
Tejeleita,_U,12,Producción Ganadera,REGIONS,Comunidades autónomas,Limitada,Limitada,3,Activa,Puerto de La Estaca A Valverde,38900,38048,Valverde,ES702,Santa Cruz de Tenerife
Tejina,F38050357,11,Producción Agrícola,REGIONS,Comunidades autónomas,Limitada,Limitada,6,Activa,"C/Jose Rodriguez Amador 21, Tejina",38260,38023,San Cristóbal de La Laguna,ES702,Santa Cruz de Tenerife
Tejinaste,F38367066,_O,Otro,REGIONS,Comunidades autónomas,Limitada,Limitada,20,Activa,"Cno.Juan Fernandez, S/N, Finca Tagoro (Ver Expte.)",38350,38043,Tacoronte,ES702,Santa Cruz de Tenerife
Tevaflor,F38015376,11,Producción Agrícola,REGIONS,Comunidades autónomas,Limitada,Limitada,29,Baja provisional,Finca Conungia (Valle Guerra),38270,38023,San Cristóbal de La Laguna,ES702,Santa Cruz de Tenerife
Tierra Fuente,F38695612,11,Producción Agrícola,REGIONS,Comunidades autónomas,Limitada,Limitada,5,Activa,"Fuente Pino. C/ La Galga, S/N",38715,38030,Puntallana,ES702,Santa Cruz de Tenerife
Tierras del Sol,F35147529,11,Producción Agrícola,REGIONS,Comunidades autónomas,Limitada,Limitada,4,Baja provisional,"C/Tasartico,Nº24 Vecindario",35110,35022,Santa Lucía de Tirajana,ES701,Las Palmas
Tinamar,F35275817,11,Producción Agrícola,REGIONS,Comunidades autónomas,Limitada,Limitada,4,Activa,C/ Cercadillos 16,35470,35020,La Aldea de San Nicolás,ES701,Las Palmas
Tisijorey,F35086875,14,"Actividades de servicios relacionados con la agricultura y ganadería, excepto actividades veterinarias; mantenimiento de jardines",REGIONS,Comunidades autónomas,Limitada,Limitada,6,Activa,"Carrero Blanco,6",35018,35017,Puerto del Rosario,ES701,Las Palmas
Tomas Rodríguez Quintana,F35147818,14,"Actividades de servicios relacionados con la agricultura y ganadería, excepto actividades veterinarias; mantenimiento de jardines",REGIONS,Comunidades autónomas,Limitada,Limitada,25,Activa,"C/Juan Del Rio Ayala,1",35478,35020,La Aldea de San Nicolás,ES701,Las Palmas
Toni,_U,_O,Otro,REGIONS,Comunidades autónomas,Limitada,Limitada,3,Activa,"Ctra.Gral.Pto.De Santiago,32-5B",38436,38040,Santiago del Teide,ES702,Santa Cruz de Tenerife
Tropicales Canarios,F35419407,11,Producción Agrícola,REGIONS,Comunidades autónomas,Limitada,Limitada,6,Activa,"Avda.De Canarias,131. Ofic 8-Vecindario",35110,35022,Santa Lucía de Tirajana,ES701,Las Palmas
Tubería Barranco de la Ballena,F35286756,14,"Actividades de servicios relacionados con la agricultura y ganadería, excepto actividades veterinarias; mantenimiento de jardines",REGIONS,Comunidades autónomas,Limitada,Limitada,22,Baja provisional,C/ Doramas Nº2,35460,35009,Gáldar,ES701,Las Palmas
Unión Agrícola de La Costa,F38369104,11,Producción Agrícola,REGIONS,Comunidades autónomas,Ilimitada,Limitada,132,Baja provisional,"Avda.Felipe Lorenzo,Nº5",38770,38045,Tazacorte,ES702,Santa Cruz de Tenerife
Union Agrícola Tazacorte,_U,11,Producción Agrícola,REGIONS,Comunidades autónomas,Ilimitada,Limitada,116,Activa,"Avenida Felipe Lorenzo, 5",38770,38045,Tazacorte,ES702,Santa Cruz de Tenerife
Union de Viticultores Valle La Orotava,F38101714,159,Elaboración de bebidas,REGIONS,Comunidades autónomas,Limitada,Limitada,35,Activa,"Ctra.Gral.La Orotava-Los Realejos,Km.4´5 La Perdom",38300,38026,La Orotava,ES702,Santa Cruz de Tenerife
"Union de Viticultores, Bodegueros de Vino",F38086450,159,Elaboración de bebidas,REGIONS,Comunidades autónomas,Limitada,Limitada,4,Activa,Avda.Hipolito Sinforiano S/N,38440,38018,La Guancha,ES702,Santa Cruz de Tenerife
Valeron,F35481522,11,Producción Agrícola,REGIONS,Comunidades autónomas,Limitada,Limitada,7,Activa,"Angel Guimera,Nº3. Carrizal",35259,35011,Ingenio,ES701,Las Palmas
Valleflor,F38014965,11,Producción Agrícola,REGIONS,Comunidades autónomas,Limitada,Limitada,16,Activa,Toscas de Arriba- Valle Guerra,38270,38023,San Cristóbal de La Laguna,ES702,Santa Cruz de Tenerife
Vaqueria El Espaldar,F38764379,12,Producción Ganadera,REGIONS,Comunidades autónomas,Limitada,Limitada,3,Cancelada,"Camino Las Animas, S/N",38480,38010,Buenavista del Norte,ES702,Santa Cruz de Tenerife
Vaquerias El Conde,F35757921,14,"Actividades de servicios relacionados con la agricultura y ganadería, excepto actividades veterinarias; mantenimiento de jardines",REGIONS,Comunidades autónomas,Limitada,Limitada,3,Activa,"C/ La Vega, Finca El Alberconcillo",35460,35009,Gáldar,ES701,Las Palmas
Vega de San Mateo,F35307768,11,Producción Agrícola,REGIONS,Comunidades autónomas,Limitada,Limitada,3,Baja provisional,"Queipo de Llano, 12",35320,35033,Vega de San Mateo,ES701,Las Palmas
Vegaflor,V35600568,11,Producción Agrícola,REGIONS,Comunidades autónomas,Limitada,Limitada,6,Activa,"C/ Martinón León, 2-1ºA",35460,35009,Gáldar,ES701,Las Palmas
Verdisol,F38755443,14,"Actividades de servicios relacionados con la agricultura y ganadería, excepto actividades veterinarias; mantenimiento de jardines",REGIONS,Comunidades autónomas,Limitada,Limitada,12,Activa,"Mercatenerife,Urb. El Mayorazgo, Nave A, Mod. 161",38108,38038,Santa Cruz de Tenerife,ES702,Santa Cruz de Tenerife
Vergel Canario,F35764521,14,"Actividades de servicios relacionados con la agricultura y ganadería, excepto actividades veterinarias; mantenimiento de jardines",REGIONS,Comunidades autónomas,Limitada,Limitada,4,Activa,"C/ Lg. El Rodeo,Km.40 - Juan Grande",35290,35019,San Bartolomé de Tirajana,ES701,Las Palmas
Verope,F35481811,_O,Otro,REGIONS,Comunidades autónomas,Limitada,Limitada,5,Activa,Prolongacion Calle Colon S/N,35110,35022,Santa Lucía de Tirajana,ES701,Las Palmas
Viera Peñate,F35536788,11,Producción Agrícola,REGIONS,Comunidades autónomas,Limitada,Limitada,3,Activa,"C/Veneguera,26-2º -Vecindario",35110,35022,Santa Lucía de Tirajana,ES701,Las Palmas
Viera Pérez,F35100817,14,"Actividades de servicios relacionados con la agricultura y ganadería, excepto actividades veterinarias; mantenimiento de jardines",REGIONS,Comunidades autónomas,Limitada,Limitada,4,Baja provisional,"Ctra. General Tamaraceite,Nº159",35018,35016,Las Palmas de Gran Canaria,ES701,Las Palmas
Viña Las Cañas,F38772943,159,Elaboración de bebidas,REGIONS,Comunidades autónomas,Limitada,Limitada,3,Activa,"Avenida Santa Cruz, 18-2º",38500,38020,Güímar,ES702,Santa Cruz de Tenerife
Viña Vieja,G38669867,11,Producción Agrícola,REGIONS,Comunidades autónomas,Limitada,Limitada,5,Cancelada,"Carretera General Del Sur, Nº 6",38620,38035,San Miguel de Abona,ES702,Santa Cruz de Tenerife
Viplata,F38299715,11,Producción Agrícola,REGIONS,Comunidades autónomas,Limitada,Limitada,5,Activa,Martin Luis,38715,38030,Puntallana,ES702,Santa Cruz de Tenerife
Virgen Auxiliadora,F35092006,14,"Actividades de servicios relacionados con la agricultura y ganadería, excepto actividades veterinarias; mantenimiento de jardines",REGIONS,Comunidades autónomas,Limitada,Limitada,3,Activa,"Churruca, 5",35250,35011,Ingenio,ES701,Las Palmas
Virgen de La Candelaria,_U,14,"Actividades de servicios relacionados con la agricultura y ganadería, excepto actividades veterinarias; mantenimiento de jardines",REGIONS,Comunidades autónomas,Limitada,Limitada,5,Activa,Tigaday,38911,38013_2007,Frontera,ES702,Santa Cruz de Tenerife
Viticultores Comarca de Güímar,F38274999,159,Elaboración de bebidas,REGIONS,Comunidades autónomas,Limitada,Limitada,90,Activa,"Avda. Dean Perez Caceres,149",38350,38004,Arafo,ES702,Santa Cruz de Tenerife
Viticultores de Anaga,F38414298,159,Elaboración de bebidas,REGIONS,Comunidades autónomas,Limitada,Limitada,11,Baja provisional,"Ctra. Gral. de Taganana, Centro Salud, 3ª Planta",38130,38038,Santa Cruz de Tenerife,ES702,Santa Cruz de Tenerife
Viticultores de Tenerife,F38100293,159,Elaboración de bebidas,REGIONS,Comunidades autónomas,Limitada,Limitada,180,Cancelada,Ctra. General Del Norte 97,38350,38043,Tacoronte,ES702,Santa Cruz de Tenerife
Vivecan,F35137058,11,Producción Agrícola,REGIONS,Comunidades autónomas,Limitada,Limitada,3,Activa,"C/ Los Silos,130",35300,35021,Santa Brígida,ES701,Las Palmas
Ydobar,F38202958,11,Producción Agrícola,REGIONS,Comunidades autónomas,Limitada,Limitada,8,Activa,Camino La Barranquera S/N -Tejina,38260,38023,San Cristóbal de La Laguna,ES702,Santa Cruz de Tenerife
Yurena,F38064267,11,Producción Agrícola,REGIONS,Comunidades autónomas,Limitada,Limitada,5,Baja provisional,Playa de San Juan -Chabaño,38687,38019,Guía de Isora,ES702,Santa Cruz de Tenerife
Zamarrita,F35084839,11,Producción Agrícola,REGIONS,Comunidades autónomas,Limitada,Limitada,3,Baja provisional,"Hoya de Los Cardos,S/N",35460,35009,Gáldar,ES701,Las Palmas